name,datetime,tempmax,tempmin,temp,feelslikemax,feelslikemin,feelslike,dew,humidity,precip,precipprob,precipcover,preciptype,snow,snowdepth,windgust,windspeed,winddir,sealevelpressure,cloudcover,visibility,solarradiation,solarenergy,uvindex,severerisk,sunrise,sunset,moonphase,conditions,description,icon,stations
Faro District Portugal,2016-01-01,19.1,14.6,17,19.1,14.6,17,15.1,88.5,1.3,100,8.33,rain,0,0,50.4,32.9,227.2,1023.3,73.6,10.6,111,9.5,4,,2016-01-01T07:45:04,2016-01-01T17:25:10,0.73,"Rain, Partially cloudy",Partly cloudy throughout the day with late afternoon rain.,rain,"08554099999,LPFR"
Faro District Portugal,2016-01-02,17.3,13,14.5,17.3,13,14.5,12.1,86.5,0.5,100,8.33,rain,0,0,25.2,11,66.4,1025,86.2,10.3,84.8,7.3,3,,2016-01-02T07:45:14,2016-01-02T17:25:57,0.75,"Rain, Partially cloudy",Partly cloudy throughout the day with rain.,rain,"08554099999,LPFR"
Faro District Portugal,2016-01-03,17.9,12.9,16.1,17.9,12.9,16.1,15.1,93.6,0.3,100,8.33,rain,0,0,46.8,33.2,254.7,1021.5,87.5,10.8,70.5,6,4,,2016-01-03T07:45:22,2016-01-03T17:26:45,0.79,"Rain, Partially cloudy",Partly cloudy throughout the day with rain clearing later.,rain,"08554099999,LPFR"
Faro District Portugal,2016-01-04,18.6,16.6,17.6,18.6,16.6,17.6,15.1,86,0.9,100,12.5,rain,0,0,67.3,40.8,254.5,1015.1,88.8,9.9,53.1,4.5,3,,2016-01-04T07:45:28,2016-01-04T17:27:35,0.82,"Rain, Partially cloudy",Partly cloudy throughout the day with rain.,rain,"08554099999,LPFR"
Faro District Portugal,2016-01-05,15.9,9.7,12.9,15.9,9.7,12.9,9.4,79.6,10.5,100,16.67,rain,0,0,86.4,39.8,303.2,1016.9,34,11.2,119,10.1,5,,2016-01-05T07:45:32,2016-01-05T17:28:26,0.85,"Rain, Partially cloudy",Becoming cloudy in the afternoon with rain.,rain,"08554099999,LPFR"
Faro District Portugal,2016-01-06,17,8.3,13.1,17,6.7,13,9.4,78.6,0.1,100,4.17,rain,0,0,36,27.6,274.9,1023.4,51.8,11.9,69.8,6.1,3,,2016-01-06T07:45:34,2016-01-06T17:29:18,0.89,"Rain, Partially cloudy",Partly cloudy throughout the day with late afternoon rain.,rain,"08554099999,LPFR"
Faro District Portugal,2016-01-07,17,15.8,16.4,17,15.8,16.4,13.1,80.9,0,0,0,,0,0,36,26.8,251.9,1022.1,85.3,10.8,50.5,4.4,2,,2016-01-07T07:45:33,2016-01-07T17:30:12,0.92,Partially cloudy,Partly cloudy throughout the day.,partly-cloudy-day,"08554099999,LPFR"
Faro District Portugal,2016-01-08,17.2,14.6,16.6,17.2,14.6,16.6,13.2,81,2.2,100,8.33,rain,0,0,50.4,32.9,217.1,1014.9,83.6,11,74.2,6.3,3,,2016-01-08T07:45:31,2016-01-08T17:31:06,0.95,"Rain, Partially cloudy",Partly cloudy throughout the day with rain.,rain,"08554099999,LPFR"
Faro District Portugal,2016-01-09,17.2,10.6,14.8,17.2,10.6,14.8,11.6,82.2,4.1,100,12.5,rain,0,0,43.2,30,256,1015.8,43.1,11.3,127.5,10.9,5,,2016-01-09T07:45:27,2016-01-09T17:32:01,0.98,"Rain, Partially cloudy",Partly cloudy throughout the day with early morning rain.,rain,"08554099999,LPFR"
Faro District Portugal,2016-01-10,18.1,16,16.8,18.1,16,16.8,13.1,78.7,0.3,100,8.33,rain,0,0,61.2,39.3,233.8,1016.2,59.1,10.9,110.6,9.5,5,,2016-01-10T07:45:21,2016-01-10T17:32:58,0,"Rain, Partially cloudy",Partly cloudy throughout the day with rain.,rain,"08554099999,LPFR"
Faro District Portugal,2016-01-11,17.7,11.9,15.1,17.7,11.9,15.1,12.8,86.1,0.7,100,16.67,rain,0,0,57.6,36.2,255.1,1018.8,76.2,10.7,52.9,4.4,3,,2016-01-11T07:45:12,2016-01-11T17:33:55,0.05,"Rain, Partially cloudy",Partly cloudy throughout the day with morning rain.,rain,"08554099999,LPFR"
Faro District Portugal,2016-01-12,16.1,8.5,12.2,16.1,7.6,12,8,76.3,0,0,0,,0,0,18,12.5,53.3,1025.6,56.5,11.3,135.3,11.6,5,,2016-01-12T07:45:02,2016-01-12T17:34:53,0.09,Partially cloudy,Partly cloudy throughout the day.,partly-cloudy-day,"08554099999,LPFR"
Faro District Portugal,2016-01-13,16.5,10,13,16.5,10,13,7,67.2,0,0,0,,0,0,32.4,23.2,63.5,1024.8,64.5,11.4,120.7,10.4,5,,2016-01-13T07:44:50,2016-01-13T17:35:52,0.12,Partially cloudy,Partly cloudy throughout the day.,partly-cloudy-day,"08554099999,LPFR"
Faro District Portugal,2016-01-14,16.9,12.9,14.7,16.9,12.9,14.7,12.9,89.4,0,0,0,,0,0,25.2,15.3,57.6,1022.2,55.1,10.8,64.8,5.6,4,,2016-01-14T07:44:35,2016-01-14T17:36:52,0.16,Partially cloudy,Partly cloudy throughout the day.,partly-cloudy-day,"08554099999,LPFR"
Faro District Portugal,2016-01-15,17.2,9.9,13.5,17.2,9.9,13.5,7.5,69.1,0,0,0,,0,0,43.2,25.5,334.7,1025.1,27.9,11.8,139.6,11.9,6,,2016-01-15T07:44:19,2016-01-15T17:37:52,0.19,Partially cloudy,Clearing in the afternoon.,partly-cloudy-day,"08554099999,LPFR"
Faro District Portugal,2016-01-16,15.3,9.7,11.9,15.3,7.5,11.8,0.6,47.1,0,0,0,,0,0,46.8,35.2,64.6,1028.9,25.9,11.7,147,12.7,6,,2016-01-16T07:44:01,2016-01-16T17:38:53,0.25,Partially cloudy,Becoming cloudy in the afternoon.,partly-cloudy-day,"08554099999,LPFR"
Faro District Portugal,2016-01-17,14.5,8.7,11.2,14.5,5.7,10.3,3.9,61.6,0,0,0,,0,0,43.2,26.3,59.8,1026.5,81.6,11.4,56,4.9,4,,2016-01-17T07:43:40,2016-01-17T17:39:55,0.27,Partially cloudy,Partly cloudy throughout the day.,partly-cloudy-day,"08554099999,LPFR"
Faro District Portugal,2016-01-18,17.1,8.1,12.3,17.1,7.9,12.2,9.4,83,0,0,0,,0,0,32.4,21.9,290,1023.5,44.5,11.4,128.6,11.1,5,,2016-01-18T07:43:18,2016-01-18T17:40:57,0.3,Partially cloudy,Partly cloudy throughout the day.,partly-cloudy-day,"08554099999,LPFR"
Faro District Portugal,2016-01-19,15.8,7.6,12.3,15.8,6.7,12,9.6,84.3,2.2,100,8.33,rain,0,0,25.2,18.2,134.9,1020.2,65.8,11.4,88,7.6,4,,2016-01-19T07:42:54,2016-01-19T17:42:00,0.34,"Rain, Partially cloudy",Partly cloudy throughout the day with late afternoon rain.,rain,"08554099999,LPFR"
Faro District Portugal,2016-01-20,17.2,12.9,15,17.2,12.9,15,13.4,90,0.5,100,4.17,rain,0,0,61.2,25.5,260.3,1018.6,63,10.7,138.8,12.1,6,,2016-01-20T07:42:28,2016-01-20T17:43:04,0.37,"Rain, Partially cloudy",Clearing in the afternoon with early morning rain.,rain,"08554099999,LPFR"
Faro District Portugal,2016-01-21,17.6,13.9,15.6,17.6,13.9,15.6,15.1,96.7,1.8,100,20.83,rain,0,0,18,12.2,99.5,1022.9,77.9,8.8,120.2,10.5,5,,2016-01-21T07:42:00,2016-01-21T17:44:07,0.41,"Rain, Partially cloudy",Partly cloudy throughout the day with morning rain.,rain,"08554099999,LPFR"
Faro District Portugal,2016-01-22,18.9,14.8,16.3,18.9,14.8,16.3,14.2,88.3,0,0,0,,0,0,32.4,21.1,71.5,1028.9,79.9,8.4,110,9.5,5,,2016-01-22T07:41:30,2016-01-22T17:45:11,0.44,Partially cloudy,Partly cloudy throughout the day.,partly-cloudy-day,"08554099999,LPFR"
Faro District Portugal,2016-01-23,17.9,14.8,16.2,17.9,14.8,16.2,12.7,80,0,0,0,,0,0,32.4,24,77.3,1030.6,88.2,10.9,96.4,8.3,5,,2016-01-23T07:40:58,2016-01-23T17:46:16,0.48,Partially cloudy,Partly cloudy throughout the day.,partly-cloudy-day,"08554099999,LPFR"
Faro District Portugal,2016-01-24,17.8,15,16.1,17.8,15,16.1,13.8,86.3,0,0,0,,0,0,28.8,22.2,83.6,1030.1,83,10.7,88.1,7.5,4,,2016-01-24T07:40:24,2016-01-24T17:47:20,0.5,Partially cloudy,Partly cloudy throughout the day.,partly-cloudy-day,"08554099999,LPFR"
Faro District Portugal,2016-01-25,17.8,11.1,15,17.8,11.1,15,12.5,85.4,1.4,100,12.5,rain,0,0,32.4,23.2,71.7,1030.6,56.2,10.9,129.9,11.1,5,,2016-01-25T07:39:49,2016-01-25T17:48:25,0.55,"Rain, Partially cloudy",Partly cloudy throughout the day with rain.,rain,"08554099999,LPFR"
Faro District Portugal,2016-01-26,16.9,8.6,12.6,16.9,6.6,12.2,8.9,79.9,0.1,100,4.17,rain,0,0,32.4,13.8,322,1032.4,21.4,11.9,149.2,12.9,6,,2016-01-26T07:39:12,2016-01-26T17:49:31,0.58,"Rain, Partially cloudy",Partly cloudy throughout the day with morning rain.,rain,"08554099999,LPFR"
Faro District Portugal,2016-01-27,15.3,8.6,12.1,15.3,7.5,11.9,8.7,80.1,0,0,0,,0,0,,11,6.8,1030.5,49,11.5,134.5,11.6,6,,2016-01-27T07:38:32,2016-01-27T17:50:36,0.61,Partially cloudy,Clearing in the afternoon.,partly-cloudy-day,"08554099999,LPFR"
Faro District Portugal,2016-01-28,16.1,10.3,12.7,16.1,10.3,12.7,9.8,82.9,0.3,100,8.33,rain,0,0,18,10.2,19,1030.5,47.7,11,80.9,6.8,3,,2016-01-28T07:37:52,2016-01-28T17:51:41,0.64,"Rain, Partially cloudy",Partly cloudy throughout the day with morning rain.,rain,"08554099999,LPFR"
Faro District Portugal,2016-01-29,16.2,9.2,12.4,16.2,7.7,12.2,7.5,73,0,0,0,,0,0,39.6,21.4,341.4,1031.8,8.2,11.9,157.2,13.7,6,,2016-01-29T07:37:09,2016-01-29T17:52:47,0.67,Clear,Clear conditions throughout the day.,clear-day,"08554099999,LPFR"
Faro District Portugal,2016-01-30,17.7,9.6,13.3,17.7,7.8,13.2,7.8,69.8,0,0,0,,0,0,28.8,19.9,312.9,1035.4,12.5,12.5,155.6,13.6,6,,2016-01-30T07:36:25,2016-01-30T17:53:53,0.71,Clear,Clear conditions throughout the day.,clear-day,"08554099999,LPFR"
Faro District Portugal,2016-01-31,17.6,9.3,13.3,17.6,8.3,13.2,8.6,73.5,0,0,0,,0,0,25.2,14.6,306,1035.4,4,11.8,159.2,13.8,6,,2016-01-31T07:35:39,2016-01-31T17:54:58,0.74,Clear,Clear conditions throughout the day.,clear-day,"08554099999,LPFR"
Faro District Portugal,2016-02-01,19.9,10.3,14.8,19.9,10.3,14.8,10.7,77.4,0,0,0,,0,0,18,13.8,15.7,1031.4,23.5,11.9,161.7,14,6,,2016-02-01T07:34:51,2016-02-01T17:56:04,0.75,Partially cloudy,Partly cloudy throughout the day.,partly-cloudy-day,"08554099999,LPFR"
Faro District Portugal,2016-02-02,17.8,10.5,13.7,17.8,10.5,13.7,11.1,84.4,0,0,0,,0,0,18,12.5,348.4,1028.4,76.6,11.1,145.9,12.9,5,,2016-02-02T07:34:02,2016-02-02T17:57:10,0.8,Partially cloudy,Partly cloudy throughout the day.,partly-cloudy-day,"08554099999,LPFR"
Faro District Portugal,2016-02-03,16.8,9.2,13.3,16.8,7.9,13.1,8.4,73.3,0,0,0,,0,0,25.2,15.5,352.5,1028.3,87.4,11,128,11,5,,2016-02-03T07:33:11,2016-02-03T17:58:15,0.84,Partially cloudy,Partly cloudy throughout the day.,partly-cloudy-day,"08554099999,LPFR"
Faro District Portugal,2016-02-04,18.3,12.8,15.2,18.3,12.8,15.2,7,58.8,0,0,0,,0,0,57.6,32.1,71.6,1029.1,83.7,12.1,150.2,13.1,6,,2016-02-04T07:32:18,2016-02-04T17:59:21,0.87,Partially cloudy,Partly cloudy throughout the day.,partly-cloudy-day,"08554099999,LPFR"
Faro District Portugal,2016-02-05,16.9,12.9,14.7,16.9,12.9,14.7,9.9,73,0,0,0,,0,0,43.2,26,74.7,1024.6,50.6,11.3,150.2,13,6,,2016-02-05T07:31:24,2016-02-05T18:00:26,0.9,Partially cloudy,Partly cloudy throughout the day.,partly-cloudy-day,"08554099999,LPFR"
Faro District Portugal,2016-02-06,17.7,14.7,16.1,17.7,14.7,16.1,13.5,84.7,0,0,0,,0,0,46.8,30.4,252.2,1022.4,52.9,10.5,127.6,11.2,6,,2016-02-06T07:30:29,2016-02-06T18:01:31,0.93,Partially cloudy,Partly cloudy throughout the day.,partly-cloudy-day,"08554099999,LPFR"
Faro District Portugal,2016-02-07,17.2,10.6,14.8,17.2,10.6,14.8,10.7,77.5,2.7,100,8.33,rain,0,0,57.6,34.9,276.2,1026.6,56.5,10.5,94.2,8.3,4,,2016-02-07T07:29:32,2016-02-07T18:02:36,0.96,"Rain, Partially cloudy",Partly cloudy throughout the day with early morning rain.,rain,"08554099999,LPFR"
Faro District Portugal,2016-02-08,17.2,9.6,13.9,17.2,9.2,13.9,9.6,76.1,0,0,0,,0,0,25.2,14.6,280.3,1030.9,65.7,10.9,68.6,6.1,3,,2016-02-08T07:28:34,2016-02-08T18:03:41,0,Partially cloudy,Partly cloudy throughout the day.,partly-cloudy-day,"08554099999,LPFR"
Faro District Portugal,2016-02-09,18,13.7,15.5,18,13.7,15.5,12.8,84,0.9,100,4.17,rain,0,0,57.6,36.2,264.4,1029.3,83.8,10.8,116.6,10,5,,2016-02-09T07:27:34,2016-02-09T18:04:46,0.03,"Rain, Partially cloudy",Partly cloudy throughout the day with afternoon rain.,rain,"08554099999,LPFR"
Faro District Portugal,2016-02-10,17.1,15,15.9,17.1,15,15.9,14.4,91.3,1,100,12.5,rain,0,0,43.2,31.2,264.1,1025.4,83.2,10.3,114,9.7,6,,2016-02-10T07:26:33,2016-02-10T18:05:50,0.07,"Rain, Partially cloudy",Partly cloudy throughout the day with rain.,rain,"08554099999,LPFR"
Faro District Portugal,2016-02-11,18,13.8,16,18,13.8,16,14.4,90.8,3.1,100,12.5,rain,0,0,43.2,31.2,272.1,1021.8,59.2,10.9,107.9,9.4,4,,2016-02-11T07:25:30,2016-02-11T18:06:55,0.1,"Rain, Partially cloudy",Partly cloudy throughout the day with early morning rain.,rain,"08554099999,LPFR"
Faro District Portugal,2016-02-12,17.2,13.5,15.7,17.2,13.5,15.7,14.2,91.5,0,0,0,,0,0,54,32.1,263.9,1022,80.2,9.6,68.9,6.1,3,,2016-02-12T07:24:26,2016-02-12T18:07:59,0.14,Partially cloudy,Partly cloudy throughout the day.,partly-cloudy-day,"08554099999,LPFR"
Faro District Portugal,2016-02-13,17.2,14.7,15.8,17.2,14.7,15.8,14.2,90.3,0,0,0,,0,0,50.4,39.3,268,1019.6,75.1,10.1,68.6,6.1,3,,2016-02-13T07:23:21,2016-02-13T18:09:02,0.17,Partially cloudy,Partly cloudy throughout the day.,partly-cloudy-day,"08554099999,LPFR"
Faro District Portugal,2016-02-14,16.8,9,13.6,16.8,5.9,13.1,8.5,72.7,0.3,100,8.33,rain,0,0,83.1,49,298.9,1017.7,43.2,10.8,173.2,14.9,7,,2016-02-14T07:22:15,2016-02-14T18:10:06,0.21,"Rain, Partially cloudy",Partly cloudy throughout the day with rain in the morning and afternoon.,rain,"08554099999,LPFR"
Faro District Portugal,2016-02-15,16,8.9,12.4,16,5.8,11.9,2.9,53.6,0,0,0,,0,0,75.6,42.5,336.3,1021.3,12.7,10.8,177.7,15.4,6,,2016-02-15T07:21:07,2016-02-15T18:11:09,0.25,Clear,Clear conditions throughout the day.,clear-day,"08554099999,LPFR"
Faro District Portugal,2016-02-16,14.2,6.3,10.1,14.2,3,8.8,-2.6,42.8,0,0,0,,0,0,49,29.1,16.3,1027.5,6.5,11.9,198.9,17.3,7,,2016-02-16T07:19:59,2016-02-16T18:12:12,0.28,Clear,Clear conditions throughout the day.,clear-day,"08554099999,LPFR"
Faro District Portugal,2016-02-17,14.2,5.5,10.4,14.2,3.7,9.7,2.5,58.6,0.2,100,4.17,rain,0,0,36,22.7,265,1025.9,26.1,12.1,188.6,16.4,7,,2016-02-17T07:18:49,2016-02-17T18:13:14,0.31,"Rain, Partially cloudy",Partly cloudy throughout the day with late afternoon rain.,rain,"08554099999,LPFR"
Faro District Portugal,2016-02-18,14,9,11.1,14,6.7,10.3,4,63.4,3.2,100,12.5,rain,0,0,46.8,24.2,337.1,1020.7,79.6,12.1,94.1,8.2,4,,2016-02-18T07:17:38,2016-02-18T18:14:17,0.35,"Rain, Partially cloudy",Partly cloudy throughout the day with early morning rain.,rain,"08554099999,LPFR"
Faro District Portugal,2016-02-19,16.1,8,12.3,16.1,5.2,11.4,4,57.4,0,0,0,,0,0,39.6,25.5,35.6,1021.5,51.2,11.7,189.9,16.6,7,,2016-02-19T07:16:26,2016-02-19T18:15:18,0.38,Partially cloudy,Partly cloudy throughout the day.,partly-cloudy-day,"08554099999,LPFR"
Faro District Portugal,2016-02-20,17.3,10.9,13.8,17.3,10.9,13.8,6,60,1.2,100,8.33,rain,0,0,57.6,24.7,68.8,1024,20.7,12.1,176.8,15.1,7,,2016-02-20T07:15:12,2016-02-20T18:16:20,0.42,"Rain, Partially cloudy",Partly cloudy throughout the day with late afternoon rain.,rain,"08554099999,LPFR"
Faro District Portugal,2016-02-21,17.8,12.1,14.7,17.8,12.1,14.7,8.9,68.4,0,0,0,,0,0,43.2,28.3,71,1021.3,58.5,10.2,114.8,9.9,5,,2016-02-21T07:13:58,2016-02-21T18:17:21,0.46,Partially cloudy,Partly cloudy throughout the day.,partly-cloudy-day,"08554099999,LPFR"
Faro District Portugal,2016-02-22,17.2,10.6,14,17.2,10.6,14,9.3,73.7,0,0,0,,0,0,18,11.7,282.4,1023,34.5,9,160,13.7,6,,2016-02-22T07:12:43,2016-02-22T18:18:22,0.5,Partially cloudy,Partly cloudy throughout the day.,partly-cloudy-day,"08554099999,LPFR"
Faro District Portugal,2016-02-23,18.8,8.7,12.9,18.8,8.7,12.9,7.9,73.2,0,0,0,,0,0,32.4,24.7,302.4,1028.5,24.1,11.1,202.4,17.6,7,,2016-02-23T07:11:27,2016-02-23T18:19:23,0.52,Partially cloudy,Becoming cloudy in the afternoon.,partly-cloudy-day,"08554099999,LPFR"
Faro District Portugal,2016-02-24,16.3,7.9,12.2,16.3,7.3,12,8.7,79.7,0,0,0,,0,0,46.8,33.5,269.7,1024.3,71.3,10.9,145.2,12.7,5,,2016-02-24T07:10:10,2016-02-24T18:20:23,0.56,Partially cloudy,Partly cloudy throughout the day.,partly-cloudy-day,"08554099999,LPFR"
Faro District Portugal,2016-02-25,15.9,9.6,12.5,15.9,8,12.5,9,79.6,0,0,0,,0,0,32.4,24,281.5,1024.4,50.5,10.8,103.6,9,5,,2016-02-25T07:08:52,2016-02-25T18:21:23,0.59,Partially cloudy,Partly cloudy throughout the day.,partly-cloudy-day,"08554099999,LPFR"
Faro District Portugal,2016-02-26,14.9,8.1,11.1,14.9,5,10.3,8.4,83.9,5.5,100,29.17,rain,0,0,93.6,47,279.1,1015.5,69.7,10.4,57.1,4.9,2,,2016-02-26T07:07:34,2016-02-26T18:22:23,0.62,"Rain, Partially cloudy",Partly cloudy throughout the day with rain.,rain,"08554099999,LPFR"
Faro District Portugal,2016-02-27,12.2,5.9,8.5,12.2,3.1,6.4,3.5,72.1,3.4,100,37.5,rain,0,0,57.6,37.2,302.7,1010.5,40.3,11.1,133.3,11.6,5,,2016-02-27T07:06:14,2016-02-27T18:23:22,0.65,"Rain, Partially cloudy",Partly cloudy throughout the day with a chance of rain throughout the day.,rain,"08554099999,LPFR"
Faro District Portugal,2016-02-28,16.5,7.1,11.4,16.5,3.9,10.4,3.9,61.4,0,0,0,,0,0,57.6,34.1,308.6,1014,14,12.4,205.9,17.8,7,,2016-02-28T07:04:54,2016-02-28T18:24:21,0.69,Clear,Clear conditions throughout the day.,clear-day,"08554099999,LPFR"
Faro District Portugal,2016-02-29,18,8.3,12.6,18,5.5,11.6,2.5,52.6,0,0,0,,0,0,46.8,23.5,340.2,1021.9,1.4,12.2,221.7,19.1,8,,2016-02-29T07:03:33,2016-02-29T18:25:19,0.72,Clear,Clear conditions throughout the day.,clear-day,"08554099999,LPFR"
Faro District Portugal,2016-03-01,17.1,6.5,12.1,17.1,5.7,11.8,5.4,64.9,0,0,0,,0,0,21.6,15.3,261.2,1029,0,11.8,226.2,19.4,8,,2016-03-01T07:02:11,2016-03-01T18:26:18,0.75,Clear,Clear conditions throughout the day.,clear-day,"08554099999,LPFR"
Faro District Portugal,2016-03-02,18.3,9,13.5,18.3,6.7,12.9,8.3,71.2,0,0,0,,0,0,36,23.5,295.3,1027.6,4.2,11.2,224.9,19.4,8,,2016-03-02T07:00:49,2016-03-02T18:27:16,0.79,Clear,Clear conditions throughout the day.,clear-day,"08554099999,LPFR"
Faro District Portugal,2016-03-03,16.2,9.9,13.4,16.2,8.3,13.4,7.7,68.7,0,0,0,,0,0,39.6,19.4,297.4,1022.1,1,11.7,227.1,19.6,8,,2016-03-03T06:59:26,2016-03-03T18:28:13,0.82,Clear,Clear conditions throughout the day.,clear-day,"08554099999,LPFR"
Faro District Portugal,2016-03-04,18.3,8.8,13.2,18.3,7.6,13,7.3,68.7,0,0,0,,0,0,43.2,28.8,314,1015.7,23.2,12.5,223,19.2,8,,2016-03-04T06:58:02,2016-03-04T18:29:11,0.85,Partially cloudy,Partly cloudy throughout the day.,partly-cloudy-day,"08554099999,LPFR"
Faro District Portugal,2016-03-05,17,6.9,11.9,17,5.3,11.5,6,69.1,0,0,0,,0,0,46.8,32.1,290.4,1017.8,22.3,11.2,219.5,18.9,8,,2016-03-05T06:56:38,2016-03-05T18:30:08,0.88,Partially cloudy,Becoming cloudy in the afternoon.,partly-cloudy-day,"08554099999,LPFR"
Faro District Portugal,2016-03-06,16.8,7,11.6,16.8,5,11,3.8,62.1,0,0,0,,0,0,43.2,28,329.3,1020.3,8,11.9,233.5,20.2,8,,2016-03-06T06:55:13,2016-03-06T18:31:05,0.92,Clear,Clear conditions throughout the day.,clear-day,"08554099999,LPFR"
Faro District Portugal,2016-03-07,16.6,7.8,12,16.6,5.6,11.3,5.1,65.4,0.1,100,4.17,rain,0,0,72,38.5,317.3,1016.6,38.9,11.7,178.1,15.4,7,,2016-03-07T06:53:48,2016-03-07T18:32:01,0.95,"Rain, Partially cloudy",Partly cloudy throughout the day with afternoon rain.,rain,"08554099999,LPFR"
Faro District Portugal,2016-03-08,18.1,8.7,12.8,18.1,7,12.6,4.2,58.3,0,0,0,,0,0,43.2,24.2,348,1021.1,8.6,11.9,230.1,19.9,8,,2016-03-08T06:52:22,2016-03-08T18:32:57,0.98,Clear,Clear conditions throughout the day.,clear-day,"08554099999,LPFR"
Faro District Portugal,2016-03-09,18.1,8.1,13.3,18.1,7.4,12.9,5.8,62.1,0,0,0,,0,0,39.6,26.3,319.3,1022.6,46.6,12.1,158.3,13.7,6,,2016-03-09T06:50:55,2016-03-09T18:33:53,0,Partially cloudy,Partly cloudy throughout the day.,partly-cloudy-day,"08554099999,LPFR"
Faro District Portugal,2016-03-10,18,9.8,13.1,18,6,12.8,2.8,51.5,0,0,0,,0,0,63.7,36,347,1020.3,12.4,12.4,238.3,20.6,8,,2016-03-10T06:49:29,2016-03-10T18:34:49,0.05,Clear,Clear conditions throughout the day.,clear-day,"08554099999,LPFR"
Faro District Portugal,2016-03-11,16.1,8.6,12.6,16.1,8.6,12.5,5.4,62.4,0,0,0,,0,0,25.2,16.1,15.2,1021.2,4.9,12.1,246.6,21.2,8,,2016-03-11T06:48:02,2016-03-11T18:35:45,0.08,Clear,Clear conditions throughout the day.,clear-day,"08554099999,LPFR"
Faro District Portugal,2016-03-12,18,5.9,12.7,18,4.8,12.5,4.8,60.1,0,0,0,,0,0,32.4,14.6,199.7,1021.8,4.1,11.7,250.6,21.6,8,,2016-03-12T06:46:34,2016-03-12T18:36:40,0.12,Clear,Clear conditions throughout the day.,clear-day,"08554099999,LPFR"
Faro District Portugal,2016-03-13,16.3,7,12.6,16.3,6.6,12.5,7.4,70.9,0,0,0,,0,0,21.6,17.4,221.3,1019.1,30.5,11.7,249.5,21.4,8,,2016-03-13T06:45:06,2016-03-13T18:37:35,0.15,Partially cloudy,Partly cloudy throughout the day.,partly-cloudy-day,"08554099999,LPFR"
Faro District Portugal,2016-03-14,15.5,7.7,12.4,15.5,7.7,12.3,6.8,68.7,0,0,0,,0,0,32.4,30.4,271.1,1016.7,34.3,12,188.5,16.3,7,,2016-03-14T06:43:38,2016-03-14T18:38:30,0.19,Partially cloudy,Partly cloudy throughout the day.,partly-cloudy-day,"08554099999,LPFR"
Faro District Portugal,2016-03-15,17.2,9.8,13.5,17.2,9.8,13.5,9.9,79.6,2.2,100,12.5,rain,0,0,43.2,21.9,230,1020.6,82.9,11.1,154.9,13.2,6,,2016-03-15T06:42:10,2016-03-15T18:39:24,0.25,"Rain, Partially cloudy",Partly cloudy throughout the day with late afternoon rain.,rain,"08554099999,LPFR"
Faro District Portugal,2016-03-16,16.8,8,12.7,16.8,6.5,12.5,9.5,81.5,0.1,100,4.17,rain,0,0,32.4,21.1,271.4,1020.7,12.2,11.2,256.8,22,9,,2016-03-16T06:40:42,2016-03-16T18:40:19,0.26,Rain,Clear conditions throughout the day with morning rain.,rain,"08554099999,LPFR"
Faro District Portugal,2016-03-17,16.1,8.3,12.7,16.1,8.3,12.7,9.4,80.7,0,0,0,,0,0,21.6,15.3,260.3,1020.2,48,11.4,242.8,20.8,8,,2016-03-17T06:39:13,2016-03-17T18:41:13,0.29,Partially cloudy,Becoming cloudy in the afternoon.,partly-cloudy-day,"08554099999,LPFR"
Faro District Portugal,2016-03-18,15.9,10.7,13.5,15.9,10.7,13.5,9.5,77.8,0.5,100,8.33,rain,0,0,32.4,15.3,247.6,1017.6,54.4,11.1,215.7,18.5,8,,2016-03-18T06:37:44,2016-03-18T18:42:07,0.33,"Rain, Partially cloudy",Partly cloudy throughout the day with late afternoon rain.,rain,"08554099999,LPFR"
Faro District Portugal,2016-03-19,16.3,9.2,13.3,16.3,9.2,13.3,10.8,85.4,0.1,100,4.17,rain,0,0,34.4,25.5,257.7,1015.5,34.7,10.9,228.8,19.9,7,,2016-03-19T06:36:15,2016-03-19T18:43:01,0.36,"Rain, Partially cloudy",Partly cloudy throughout the day with early morning rain.,rain,"08554099999,LPFR"
Faro District Portugal,2016-03-20,15.3,9.3,13,15.3,8.9,13,9.5,80.1,0.4,100,8.33,rain,0,0,21.6,15.3,261.5,1013.2,44.1,11.2,237.6,20.5,8,,2016-03-20T06:34:45,2016-03-20T18:43:55,0.4,"Rain, Partially cloudy",Partly cloudy throughout the day with early morning rain.,rain,"08554099999,LPFR"
Faro District Portugal,2016-03-21,15.3,7.2,12.2,15.3,7.2,12.2,8.1,76.6,0.3,100,4.17,rain,0,0,28.8,25.5,284.8,1010.6,32.5,11.9,217.4,18.8,8,,2016-03-21T06:33:16,2016-03-21T18:44:49,0.43,"Rain, Partially cloudy",Becoming cloudy in the afternoon with late afternoon rain.,rain,"08554099999,LPFR"
Faro District Portugal,2016-03-22,18.2,9.8,13.5,18.2,9.2,13.4,7.8,70,0,0,0,,0,0,46.8,32.9,298.3,1011.3,40.9,11.8,230.3,19.9,8,,2016-03-22T06:31:47,2016-03-22T18:45:42,0.47,Partially cloudy,Partly cloudy throughout the day.,partly-cloudy-day,"08554099999,LPFR"
Faro District Portugal,2016-03-23,16.5,10,13,16.5,8.4,12.9,7.7,71.4,0.1,100,4.17,rain,0,0,32.4,22.7,287.8,1011.9,43.7,10.1,167.5,14.6,7,,2016-03-23T06:30:17,2016-03-23T18:46:36,0.5,"Rain, Partially cloudy",Partly cloudy throughout the day with early morning rain.,rain,"LPFR,08554099999"
Faro District Portugal,2016-03-24,20.1,8.9,14.8,20.1,7,14.6,6.7,59.7,0,0,0,,0,0,32.4,22.2,310.9,1018.6,1.8,11.5,272.7,23.6,9,,2016-03-24T06:28:48,2016-03-24T18:47:29,0.53,Clear,Clear conditions throughout the day.,clear-day,"08554099999,LPFR"
Faro District Portugal,2016-03-25,16.2,8.9,13.7,16.2,8.9,13.7,8.3,70.3,0,0,0,,0,0,25.2,24,270.8,1026.3,6.5,12,271.1,23.4,9,,2016-03-25T06:27:19,2016-03-25T18:48:22,0.57,Clear,Clear conditions throughout the day.,clear-day,"08554099999,LPFR"
Faro District Portugal,2016-03-26,17,8.5,13.6,17,7.5,13.5,10.6,82.2,0,0,0,,0,0,32.4,24.7,254.4,1025.8,58,11.6,195,16.8,7,,2016-03-26T06:25:49,2016-03-26T18:49:15,0.6,Partially cloudy,Partly cloudy throughout the day.,partly-cloudy-day,"08554099999,LPFR"
Faro District Portugal,2016-03-27,17.7,11.8,15,17.7,11.8,15,10.3,74.7,0.1,100,4.17,rain,0,0,36,26.3,257.6,1023.8,42.5,11,266.8,22,8,,2016-03-27T07:24:20,2016-03-27T19:50:08,0.63,"Rain, Partially cloudy",Clearing in the afternoon with early morning rain.,rain,"08554099999,LPFR"
Faro District Portugal,2016-03-28,16.9,8.6,13,16.9,7.2,12.8,8.2,73.1,0,0,0,,0,0,39.6,28.3,271.4,1023,40.5,11.4,200.9,17.6,8,,2016-03-28T07:22:51,2016-03-28T19:51:01,0.67,Partially cloudy,Partly cloudy throughout the day.,partly-cloudy-day,"08554099999,LPFR"
Faro District Portugal,2016-03-29,17.3,9.2,13.9,17.3,9.2,13.9,10.4,79.7,0,0,0,,0,0,28.8,19.1,264.2,1019.2,29.5,11.4,277.9,24.1,9,,2016-03-29T07:21:22,2016-03-29T19:51:54,0.7,Partially cloudy,Clearing in the afternoon.,partly-cloudy-day,"08554099999,LPFR"
Faro District Portugal,2016-03-30,17.6,10.2,14.2,17.6,10.2,14.2,9.4,74.1,0,0,0,,0,0,46.6,27.6,275.3,1014,43.3,11.4,277.8,23.9,9,,2016-03-30T07:19:53,2016-03-30T19:52:47,0.73,Partially cloudy,Partly cloudy throughout the day.,partly-cloudy-day,"08554099999,LPFR"
Faro District Portugal,2016-03-31,18.3,8.5,13.3,18.3,6.8,12.9,2.5,50.6,0,0,0,,0,0,54,30.3,333.3,1019.6,15.6,12.1,288,24.9,9,,2016-03-31T07:18:25,2016-03-31T19:53:40,0.75,Clear,Clear conditions throughout the day.,clear-day,"08554099999,LPFR"
Faro District Portugal,2016-04-01,17.2,9.8,13.7,17.2,8.7,13.6,4.5,54.5,0,0,0,,0,0,36,24.2,299.9,1018.6,2.2,11.9,291.1,25.1,9,,2016-04-01T07:16:57,2016-04-01T19:54:33,0.8,Clear,Clear conditions throughout the day.,clear-day,"08554099999,LPFR"
Faro District Portugal,2016-04-02,15.9,8.6,13,15.9,7.8,12.9,7.4,69.5,0,0,0,,0,0,28.8,22.7,263.6,1013.6,54.9,11.7,217.1,18.7,7,,2016-04-02T07:15:28,2016-04-02T19:55:26,0.83,Partially cloudy,Partly cloudy throughout the day.,partly-cloudy-day,"08554099999,LPFR"
Faro District Portugal,2016-04-03,17.3,12.1,14.6,17.3,12.1,14.6,10.8,78.6,0.1,100,4.17,rain,0,0,43.2,29.1,259.6,1014.9,57.9,10.9,215,18.5,7,,2016-04-03T07:14:01,2016-04-03T19:56:18,0.87,"Rain, Partially cloudy",Partly cloudy throughout the day with early morning rain.,rain,"08554099999,LPFR"
Faro District Portugal,2016-04-04,15.6,12.7,14.3,15.6,12.7,14.3,13.1,92.2,1.8,100,25,rain,0,0,54,41.3,257.7,1011,83.2,9.1,75.1,6.5,4,,2016-04-04T07:12:33,2016-04-04T19:57:11,0.9,"Rain, Partially cloudy",Partly cloudy throughout the day with a chance of rain throughout the day.,rain,"08554099999,LPFR"
Faro District Portugal,2016-04-05,20.3,10.6,14.8,20.3,10.6,14.8,7.3,63.5,0,0,0,,0,0,50.4,30.8,314.3,1013.2,38.2,11.4,286.5,24.9,9,,2016-04-05T07:11:06,2016-04-05T19:58:04,0.93,Partially cloudy,Partly cloudy throughout the day.,partly-cloudy-day,"08554099999,LPFR"
Faro District Portugal,2016-04-06,19.3,11.2,15.7,19.3,11.2,15.7,8.6,64.1,0,0,0,,0,0,63,24,306.3,1016.2,7.4,11.9,290.2,25,9,,2016-04-06T07:09:40,2016-04-06T19:58:57,0.97,Clear,Clear conditions throughout the day.,clear-day,"08554099999,LPFR"
Faro District Portugal,2016-04-07,19.8,11.7,16.4,19.8,11.7,16.4,10.4,68.5,0,0,0,,0,0,21.6,18.2,261.9,1016.1,20.7,11.7,296.4,25.7,9,,2016-04-07T07:08:13,2016-04-07T19:59:50,0,Partially cloudy,Partly cloudy throughout the day.,partly-cloudy-day,"08554099999,LPFR"
Faro District Portugal,2016-04-08,21.1,12.1,16.9,21.1,12.1,16.9,3.2,43.2,0,0,0,,0,0,50.4,26.3,335.7,1017.4,60.1,11.9,274.4,23.6,9,,2016-04-08T07:06:47,2016-04-08T20:00:43,0.03,Partially cloudy,Partly cloudy throughout the day.,partly-cloudy-day,"08554099999,LPFR"
Faro District Portugal,2016-04-09,18.9,10.5,14.8,18.9,10.5,14.8,7,60.3,0,0,0,,0,0,43.2,31.2,287.9,1017,30,11.7,297,25.5,9,,2016-04-09T07:05:22,2016-04-09T20:01:35,0.07,Partially cloudy,Clearing in the afternoon.,partly-cloudy-day,"08554099999,LPFR"
Faro District Portugal,2016-04-10,17,11,13.7,17,11,13.7,9.2,74.6,0.3,100,4.17,rain,0,0,57.6,37,263,1010.8,44.5,11.4,271.6,23.5,9,,2016-04-10T07:03:57,2016-04-10T20:02:28,0.1,"Rain, Partially cloudy",Partly cloudy throughout the day with morning rain.,rain,"08554099999,LPFR"
Faro District Portugal,2016-04-11,17,11.3,14.3,17,11.3,14.3,10.3,77.1,3.2,100,16.67,rain,0,0,54,26.3,237.1,1010.4,45.3,11,163.8,14.2,7,,2016-04-11T07:02:33,2016-04-11T20:03:21,0.14,"Rain, Partially cloudy",Partly cloudy throughout the day with rain in the morning and afternoon.,rain,"08554099999,LPFR"
Faro District Portugal,2016-04-12,16.9,13,14.9,16.9,13,14.9,11.7,81.2,4.7,100,33.33,rain,0,0,39.6,25.2,228.5,1012.6,50.1,11,275.2,23.9,8,,2016-04-12T07:01:09,2016-04-12T20:04:14,0.17,"Rain, Partially cloudy",Partly cloudy throughout the day with a chance of rain throughout the day.,rain,"08554099999,LPFR"
Faro District Portugal,2016-04-13,18.3,11.9,15.6,18.3,11.9,15.6,12.5,82.4,0.3,100,4.17,rain,0,0,36,16.1,212.5,1015.8,35.9,11.2,292.3,25.5,9,,2016-04-13T06:59:46,2016-04-13T20:05:07,0.2,"Rain, Partially cloudy",Partly cloudy throughout the day with early morning rain.,rain,"08554099999,LPFR"
Faro District Portugal,2016-04-14,18.9,14.6,16.4,18.9,14.6,16.4,14.2,87.3,0,0,0,,0,0,25.2,18.2,206.5,1015.7,26.2,11.4,306.3,26.6,9,,2016-04-14T06:58:23,2016-04-14T20:06:00,0.25,Partially cloudy,Partly cloudy throughout the day.,partly-cloudy-day,"08554099999,LPFR"
Faro District Portugal,2016-04-15,19.1,15,16.4,19.1,15,16.4,15.3,93.6,6.5,100,8.33,rain,0,0,39.6,32.1,206.6,1013.9,52.3,10.7,258.7,22.3,9,,2016-04-15T06:57:01,2016-04-15T20:06:53,0.27,"Rain, Partially cloudy",Partly cloudy throughout the day with rain.,rain,"08554099999,LPFR"
Faro District Portugal,2016-04-16,18.9,14.9,16.7,18.9,14.9,16.7,15.9,95.3,2.4,100,12.5,rain,0,0,43.2,26.8,221.4,1013.7,72.6,10,185.4,16,7,,2016-04-16T06:55:40,2016-04-16T20:07:46,0.3,"Rain, Partially cloudy",Partly cloudy throughout the day with rain clearing later.,rain,"08554099999,LPFR"
Faro District Portugal,2016-04-17,17.5,12.8,15.3,17.5,12.8,15.3,12.1,82.3,0,0,0,,0,0,28.8,20.2,267.2,1016.9,43.6,11.1,213.2,18.4,8,,2016-04-17T06:54:19,2016-04-17T20:08:40,0.34,Partially cloudy,Partly cloudy throughout the day.,partly-cloudy-day,"08554099999,LPFR"
Faro District Portugal,2016-04-18,19.6,12.2,16.4,19.6,12.2,16.4,11.6,73.4,0,0,0,,0,0,32.4,26.8,94.5,1013.2,43.9,10.9,253.9,21.9,8,,2016-04-18T06:53:00,2016-04-18T20:09:33,0.37,Partially cloudy,Becoming cloudy in the afternoon.,partly-cloudy-day,"08554099999,LPFR"
Faro District Portugal,2016-04-19,18.8,15.1,16.7,18.8,15.1,16.7,14.4,86.5,10.2,100,29.17,rain,0,0,50.4,24.7,167.7,1011.8,46.2,10.4,289.8,25.1,9,,2016-04-19T06:51:40,2016-04-19T20:10:26,0.41,"Rain, Partially cloudy",Partly cloudy throughout the day with a chance of rain throughout the day.,rain,"08554099999,LPFR"
Faro District Portugal,2016-04-20,17.2,12.1,14.8,17.2,12.1,14.8,12.2,84.4,6.8,100,20.83,rain,0,0,44.6,24.7,217.3,1016.2,35.7,10.7,244.3,21.1,9,,2016-04-20T06:50:22,2016-04-20T20:11:19,0.44,"Rain, Partially cloudy",Partly cloudy throughout the day with a chance of rain throughout the day.,rain,"08554099999,LPFR"
Faro District Portugal,2016-04-21,18.2,12.2,15.6,18.2,12.2,15.6,12.3,81.5,0,0,0,,0,0,21.6,11.7,133.3,1021.5,47.2,11.4,134.2,11.6,6,,2016-04-21T06:49:05,2016-04-21T20:12:13,0.47,Partially cloudy,Partly cloudy throughout the day.,partly-cloudy-day,"08554099999,LPFR"
Faro District Portugal,2016-04-22,19.1,14,16.7,19.1,14,16.7,10.4,67,0,0,0,,0,0,18,11.7,244.1,1020.4,46.8,11.4,279,24,9,,2016-04-22T06:47:48,2016-04-22T20:13:06,0.5,Partially cloudy,Partly cloudy throughout the day.,partly-cloudy-day,"08554099999,LPFR"
Faro District Portugal,2016-04-23,19.3,16.2,17.5,19.3,16.2,17.5,13.3,77,0,0,0,,0,0,25.2,18.2,254.9,1017.8,77.7,11,212.4,18.2,7,,2016-04-23T06:46:32,2016-04-23T20:13:59,0.54,Partially cloudy,Partly cloudy throughout the day.,partly-cloudy-day,"08554099999,LPFR"
Faro District Portugal,2016-04-24,21.6,15.1,18.2,21.6,15.1,18.2,12.3,69.3,0,0,0,,0,0,32.4,22.7,267.5,1016.5,21,11.5,323.2,27.9,10,,2016-04-24T06:45:17,2016-04-24T20:14:53,0.58,Partially cloudy,Partly cloudy throughout the day.,partly-cloudy-day,"08554099999,LPFR"
Faro District Portugal,2016-04-25,24.9,16.2,20,24.9,16.2,20,10.8,56.4,0,0,0,,0,0,32.4,22.2,21.2,1014.7,9.4,12.4,327.1,28.2,10,,2016-04-25T06:44:04,2016-04-25T20:15:46,0.61,Clear,Clear conditions throughout the day.,clear-day,"08554099999,LPFR"
Faro District Portugal,2016-04-26,21.5,16.8,19.1,21.5,16.8,19.1,11.2,60.2,0,0,0,,0,0,28.8,24.7,261.3,1013.5,31.9,11.8,319.8,27.7,10,,2016-04-26T06:42:51,2016-04-26T20:16:40,0.65,Partially cloudy,Clearing in the afternoon.,partly-cloudy-day,"08554099999,LPFR"
Faro District Portugal,2016-04-27,19.2,12.8,16.5,19.2,12.8,16.5,8.8,61.2,0,0,0,,0,0,32.4,27.6,272.8,1012.9,76.5,11.8,266.2,22.8,9,,2016-04-27T06:41:39,2016-04-27T20:17:33,0.68,Partially cloudy,Partly cloudy throughout the day.,partly-cloudy-day,"08554099999,LPFR"
Faro District Portugal,2016-04-28,19.9,12.3,16.3,19.9,12.3,16.3,11,71.7,0,0,0,,0,0,28.8,25.5,283.7,1013.9,50.5,11.8,283.3,24.4,9,,2016-04-28T06:40:28,2016-04-28T20:18:26,0.71,Partially cloudy,Partly cloudy throughout the day.,partly-cloudy-day,"08554099999,LPFR"
Faro District Portugal,2016-04-29,20.5,14.9,17.9,20.5,14.9,17.9,13.1,73.4,0,0,0,,0,0,36,20.2,95.6,1014.8,63.8,10.9,217.3,18.7,8,,2016-04-29T06:39:18,2016-04-29T20:19:20,0.75,Partially cloudy,Partly cloudy throughout the day.,partly-cloudy-day,"08554099999,LPFR"
Faro District Portugal,2016-04-30,22.8,14.2,19.5,22.8,14.2,19.5,12.4,64.5,0,0,0,,0,0,28.8,21.1,267.3,1019,13.6,11.2,325.2,28.2,10,,2016-04-30T06:38:09,2016-04-30T20:20:13,0.75,Clear,Clear conditions throughout the day.,clear-day,"08554099999,LPFR"
Faro District Portugal,2016-05-01,25.1,18.7,21.4,25.1,18.7,21.4,5.9,37.1,0,0,0,,0,0,46.8,29.6,59.4,1020.4,0,11.7,338,29.3,10,,2016-05-01T06:37:01,2016-05-01T20:21:06,0.82,Clear,Clear conditions throughout the day.,clear-day,"08554099999,LPFR"
Faro District Portugal,2016-05-02,26.8,17.3,21.3,26.3,17.3,21.3,2.3,30.4,0,0,0,,0,0,50.4,32.4,83.1,1018.4,0,11.8,337.5,29.3,10,,2016-05-02T06:35:55,2016-05-02T20:21:59,0.85,Clear,Clear conditions throughout the day.,clear-day,"08554099999,LPFR"
Faro District Portugal,2016-05-03,26.2,15.2,20.9,26.2,15.2,20.9,5.4,38.5,0,0,0,,0,0,46.8,34.1,84,1016.2,13.8,11.7,334.7,29.1,10,,2016-05-03T06:34:50,2016-05-03T20:22:52,0.89,Clear,Clear conditions throughout the day.,clear-day,"08554099999,LPFR"
Faro District Portugal,2016-05-04,21.9,17.6,19.5,21.9,17.6,19.5,11.5,62.4,0.3,100,8.33,rain,0,0,43.2,30.4,99.9,1014.9,68.6,10.7,148.2,12.8,5,,2016-05-04T06:33:45,2016-05-04T20:23:45,0.92,"Rain, Partially cloudy",Partly cloudy throughout the day with late afternoon rain.,rain,"08554099999,LPFR"
Faro District Portugal,2016-05-05,19.1,16.1,17.6,19.1,16.1,17.6,13.6,79,36.6,100,16.67,rain,0,0,39.6,27.6,92.6,1011.2,69.6,9.6,251.7,21.7,9,,2016-05-05T06:32:42,2016-05-05T20:24:38,0.95,"Rain, Partially cloudy",Partly cloudy throughout the day with afternoon rain.,rain,"08554099999,LPFR,remote"
Faro District Portugal,2016-05-06,19,14.9,16.5,19,14.9,16.5,14.2,86.9,2.1,100,12.5,rain,0,0,39.6,29.6,269.2,1011.3,66.2,10.7,239.6,20.7,7,,2016-05-06T06:31:41,2016-05-06T20:25:31,0,"Rain, Partially cloudy",Partly cloudy throughout the day with rain.,rain,"08554099999,LPFR"
Faro District Portugal,2016-05-07,18.1,12.2,15.4,18.1,12.2,15.4,12.5,83.5,18,100,29.17,rain,0,0,57.6,44.9,196.6,1007.3,79.4,10.2,116.6,10,6,,2016-05-07T06:30:40,2016-05-07T20:26:23,0.02,"Rain, Partially cloudy",Partly cloudy throughout the day with rain.,rain,"08554099999,LPFR"
Faro District Portugal,2016-05-08,19.1,14.2,16.7,19.1,14.2,16.7,13.7,83,23.9,100,33.33,rain,0,0,61.2,32.9,224.2,999.5,51.9,10.2,227.4,19.7,7,,2016-05-08T06:29:41,2016-05-08T20:27:16,0.05,"Rain, Partially cloudy",Partly cloudy throughout the day with rain clearing later.,rain,"08554099999,LPFR"
Faro District Portugal,2016-05-09,18.1,15.5,16.8,18.1,15.5,16.8,12.4,75.5,1.5,100,12.5,rain,0,0,46.8,34.1,222.9,1004,36.6,11.2,266.3,23,8,,2016-05-09T06:28:43,2016-05-09T20:28:08,0.09,"Rain, Partially cloudy",Partly cloudy throughout the day with rain clearing later.,rain,"08554099999,LPFR"
Faro District Portugal,2016-05-10,18.6,14,16.1,18.6,14,16.1,12.3,78.9,10.9,100,37.5,rain,0,0,72,32.1,217.5,1005.4,51.3,10.7,252,21.8,10,,2016-05-10T06:27:47,2016-05-10T20:28:59,0.12,"Rain, Partially cloudy",Partly cloudy throughout the day with a chance of rain throughout the day.,rain,"08554099999,LPFR"
Faro District Portugal,2016-05-11,18,12.9,15.8,18,12.9,15.8,12.2,79.2,17,100,33.33,rain,0,0,50.4,44.9,229.2,1006.3,49.9,10.8,150,12.9,7,,2016-05-11T06:26:52,2016-05-11T20:29:51,0.15,"Rain, Partially cloudy",Partly cloudy throughout the day with a chance of rain throughout the day.,rain,"08554099999,LPFR"
Faro District Portugal,2016-05-12,18.8,14.8,16.4,18.8,14.8,16.4,12.2,76.9,3.2,100,12.5,rain,0,0,64.8,38.5,259.7,1011.9,45.4,10.8,299.1,25.7,9,,2016-05-12T06:25:58,2016-05-12T20:30:42,0.19,"Rain, Partially cloudy",Partly cloudy throughout the day with rain.,rain,"08554099999,LPFR"
Faro District Portugal,2016-05-13,21.3,11.9,15.9,21.3,11.9,15.9,11.4,75.6,2,100,4.17,rain,0,0,43.2,32.1,283.9,1018.1,21.3,11.3,330.3,28.3,10,,2016-05-13T06:25:06,2016-05-13T20:31:33,0.25,"Rain, Partially cloudy",Partly cloudy throughout the day with afternoon rain.,rain,"08554099999,LPFR"
Faro District Portugal,2016-05-14,21.2,12,16.6,21.2,12,16.6,11.3,72.5,0,0,0,,0,0,43.2,27.1,294.1,1021.7,20.5,12.2,341,29.4,10,,2016-05-14T06:24:15,2016-05-14T20:32:24,0.25,Partially cloudy,Becoming cloudy in the afternoon.,partly-cloudy-day,"08554099999,LPFR"
Faro District Portugal,2016-05-15,21,12.5,17.6,21,12.5,17.6,12.1,71.3,0,0,0,,0,0,28.8,21.1,276.2,1021.5,8.7,12.4,348.4,29.9,10,,2016-05-15T06:23:26,2016-05-15T20:33:14,0.29,Clear,Clear conditions throughout the day.,clear-day,"08554099999,LPFR"
Faro District Portugal,2016-05-16,24.5,18.3,21.6,24.5,18.3,21.6,13.7,61.4,0,0,0,,0,0,25.2,21.1,309.4,1020.5,37.2,11.5,332.1,28.6,9,,2016-05-16T06:22:38,2016-05-16T20:34:04,0.32,Partially cloudy,Partly cloudy throughout the day.,partly-cloudy-day,"08554099999,LPFR"
Faro District Portugal,2016-05-17,25.2,21.2,22.9,25.2,21.2,22.9,13.4,55.5,0,0,0,,0,0,28.8,19.1,357.7,1015.9,50.8,11.6,316.1,27.2,9,,2016-05-17T06:21:52,2016-05-17T20:34:54,0.35,Partially cloudy,Partly cloudy throughout the day.,partly-cloudy-day,"08554099999,LPFR"
Faro District Portugal,2016-05-18,22.3,16.6,20.2,22.3,16.6,20.2,12.8,62.9,0,0,0,,0,0,25.2,17.4,249.3,1017.1,5.5,11.7,342.6,29.7,10,,2016-05-18T06:21:07,2016-05-18T20:35:43,0.39,Clear,Clear conditions throughout the day.,clear-day,"08554099999,LPFR"
Faro District Portugal,2016-05-19,24.5,14.8,20,24.5,14.8,20,13.6,67,0,0,0,,0,0,25.2,19.1,273.8,1019.1,0.6,12,351.3,30.3,10,,2016-05-19T06:20:24,2016-05-19T20:36:32,0.42,Clear,Clear conditions throughout the day.,clear-day,"08554099999,LPFR"
Faro District Portugal,2016-05-20,26.8,19.2,22.6,26.8,19.2,22.6,14.9,62.6,0,0,0,,0,0,36,28.3,90.9,1018,0,11.8,349.4,30.2,10,,2016-05-20T06:19:43,2016-05-20T20:37:20,0.45,Clear,Clear conditions throughout the day.,clear-day,"08554099999,LPFR"
Faro District Portugal,2016-05-21,23.3,17.2,20.3,23.3,17.2,20.3,14.2,68.9,0,0,0,,0,0,32.4,27.6,196.1,1016.4,24.7,11.2,345.5,29.8,10,,2016-05-21T06:19:03,2016-05-21T20:38:07,0.5,Partially cloudy,Becoming cloudy in the afternoon.,partly-cloudy-day,"08554099999,LPFR"
Faro District Portugal,2016-05-22,24.8,15.6,19.5,24.8,15.6,19.5,13.1,68.8,0,0,0,,0,0,32.4,28.3,276.3,1019.9,54.8,11.7,316,27.2,10,,2016-05-22T06:18:24,2016-05-22T20:38:54,0.52,Partially cloudy,Clearing in the afternoon.,partly-cloudy-day,"08554099999,LPFR"
Faro District Portugal,2016-05-23,25.3,13.1,20.4,25.3,13.1,20.4,9.1,50.1,0,0,0,,0,0,25.2,17.4,114,1019.5,37.6,11.9,335.1,29,10,,2016-05-23T06:17:48,2016-05-23T20:39:40,0.56,Partially cloudy,Partly cloudy throughout the day.,partly-cloudy-day,"08554099999,LPFR"
Faro District Portugal,2016-05-24,21.3,16.3,18.7,21.3,16.3,18.7,14.3,75.7,0,0,0,,0,0,,32.1,264.3,1014.6,51.5,11.3,303.1,26.4,9,,2016-05-24T06:17:13,2016-05-24T20:40:26,0.59,Partially cloudy,Partly cloudy throughout the day.,partly-cloudy-day,"08554099999,LPFR"
Faro District Portugal,2016-05-25,20.3,15,17.7,20.3,15,17.7,13.8,78.4,0,0,0,,0,0,,22.7,263.4,1014.1,45.4,11.2,296.1,25.6,9,,2016-05-25T06:16:39,2016-05-25T20:41:11,0.63,Partially cloudy,Partly cloudy throughout the day.,partly-cloudy-day,"08554099999,LPFR"
Faro District Portugal,2016-05-26,20.3,14,17.8,20.3,14,17.8,13.1,74.9,0,0,0,,0,0,,19.1,251,1014.2,29.5,11.7,340.3,29.2,10,,2016-05-26T06:16:07,2016-05-26T20:41:55,0.66,Partially cloudy,Partly cloudy throughout the day.,partly-cloudy-day,"08554099999,LPFR"
Faro District Portugal,2016-05-27,21.3,14.3,18.4,21.3,14.3,18.4,14.6,79,0,0,0,,0,0,18,18.2,236.9,1016.6,26.2,11.9,342.3,29.7,10,,2016-05-27T06:15:38,2016-05-27T20:42:38,0.7,Partially cloudy,Clearing in the afternoon.,partly-cloudy-day,"08554099999,LPFR"
Faro District Portugal,2016-05-28,20.3,16.6,18.7,20.3,16.6,18.7,15.6,82.7,2.1,100,12.5,rain,0,0,39.6,37.7,250.5,1018.9,36.4,10.6,335.6,28.9,10,,2016-05-28T06:15:09,2016-05-28T20:43:21,0.73,"Rain, Partially cloudy",Partly cloudy throughout the day with morning rain.,rain,"08554099999,LPFR"
Faro District Portugal,2016-05-29,20.3,14.1,17.8,20.3,14.1,17.8,13,74.4,0.1,100,4.17,rain,0,0,,33.2,263.9,1021.8,26.3,11.3,352.1,30.6,10,,2016-05-29T06:14:43,2016-05-29T20:44:03,0.75,"Rain, Partially cloudy",Partly cloudy throughout the day with early morning rain.,rain,"08554099999,LPFR"
Faro District Portugal,2016-05-30,25.3,13.3,18.7,25.3,13.3,18.7,11.5,65.4,0,0,0,,0,0,25.2,31.2,291.3,1020.2,14.3,11.7,357.9,31.1,10,,2016-05-30T06:14:18,2016-05-30T20:44:44,0.8,Clear,Clear conditions throughout the day.,clear-day,"08554099999,LPFR"
Faro District Portugal,2016-05-31,26.8,15.8,21.1,26.5,15.8,21.1,10.9,53.6,0,0,0,,0,0,28.8,19.9,328.4,1019.1,4.9,11.9,364,31.4,10,,2016-05-31T06:13:55,2016-05-31T20:45:23,0.84,Clear,Clear conditions throughout the day.,clear-day,"08554099999,LPFR"
Faro District Portugal,2016-06-01,27.1,18.3,22.9,26.8,18.3,22.9,10.6,46.5,0,0,0,,0,0,21.6,21.9,82.7,1016.8,27.4,11.9,361.4,31.3,10,,2016-06-01T06:13:33,2016-06-01T20:46:02,0.87,Partially cloudy,Partly cloudy throughout the day.,partly-cloudy-day,"08554099999,LPFR"
Faro District Portugal,2016-06-02,25.6,18.6,22.1,25.6,18.6,22.1,13,57.2,0,0,0,,0,0,,16.1,243.6,1013.4,67.1,11.9,228.8,19.8,7,,2016-06-02T06:13:14,2016-06-02T20:46:40,0.91,Partially cloudy,Partly cloudy throughout the day.,partly-cloudy-day,"08554099999,LPFR"
Faro District Portugal,2016-06-03,21.8,16.1,19.1,21.8,16.1,19.1,12.9,68.1,0,0,0,,0,0,,35.7,274.6,1013.9,12.5,11.7,349.3,30.2,10,,2016-06-03T06:12:56,2016-06-03T20:47:17,0.94,Clear,Clear conditions throughout the day.,clear-day,"08554099999,LPFR"
Faro District Portugal,2016-06-04,21.8,14.1,18.6,21.8,14.1,18.6,14,75.1,0,0,0,,0,0,,35.7,271.6,1017.2,17.2,11.9,353.9,30.5,10,,2016-06-04T06:12:40,2016-06-04T20:47:53,0.98,Clear,Clear conditions throughout the day.,clear-day,"08554099999,LPFR"
Faro District Portugal,2016-06-05,23,16,20,23,16,20,14.5,71.6,0,0,0,,0,0,18,27.6,275.8,1017.1,34.8,11.7,338,29.2,9,,2016-06-05T06:12:25,2016-06-05T20:48:28,0,Partially cloudy,Partly cloudy throughout the day.,partly-cloudy-day,"08554099999,LPFR"
Faro District Portugal,2016-06-06,25.3,17.3,21.8,25.3,17.3,21.8,14.3,62.9,0,0,0,,0,0,,21.1,268.3,1017.8,39.1,11.9,338.8,29.3,10,,2016-06-06T06:12:13,2016-06-06T20:49:02,0.04,Partially cloudy,Partly cloudy throughout the day.,partly-cloudy-day,"08554099999,LPFR"
Faro District Portugal,2016-06-07,30.7,20.9,25.7,30.2,20.9,25.5,13.9,49.5,0,0,0,,0,0,,24.7,95,1018.3,0.1,11.7,357.2,30.9,10,,2016-06-07T06:12:02,2016-06-07T20:49:34,0.08,Clear,Clear conditions throughout the day.,clear-day,"08554099999,LPFR"
Faro District Portugal,2016-06-08,29.1,21.1,25.6,28.6,21.1,25.5,13,46.9,0,0,0,,0,0,,19.1,287.4,1017.6,13,11.3,333.8,28.9,10,,2016-06-08T06:11:53,2016-06-08T20:50:05,0.11,Clear,Clear conditions throughout the day.,clear-day,"08554099999,LPFR"
Faro District Portugal,2016-06-09,33.8,22.3,27.2,32.7,22.3,26.9,13.4,44.6,0,0,0,,0,0,18,31.2,287.2,1014.6,70.5,11.3,303.2,26.1,10,,2016-06-09T06:11:46,2016-06-09T20:50:35,0.14,Partially cloudy,Partly cloudy throughout the day.,partly-cloudy-day,"08554099999,LPFR"
Faro District Portugal,2016-06-10,27.1,19.8,22.7,27.1,19.8,22.7,14.2,59.6,0,0,0,,0,0,,32.9,300.9,1015.2,61.1,11.9,348.9,29.9,10,,2016-06-10T06:11:40,2016-06-10T20:51:04,0.17,Partially cloudy,Partly cloudy throughout the day.,partly-cloudy-day,"08554099999,LPFR"
Faro District Portugal,2016-06-11,30.3,16.1,22.7,29,16.1,22.4,10.3,49.1,0,0,0,,0,0,42.5,33.6,315.9,1016.1,14.9,11.7,366.8,31.7,10,,2016-06-11T06:11:36,2016-06-11T20:51:31,0.21,Clear,Clear conditions throughout the day.,clear-day,"08554099999,LPFR"
Faro District Portugal,2016-06-12,30.1,17.1,23.1,30.4,17.1,23.1,15.1,61.9,0,0,0,,0,0,18,26.3,288.3,1017.9,52.9,12.3,322.5,28,9,,2016-06-12T06:11:34,2016-06-12T20:51:57,0.25,Partially cloudy,Partly cloudy throughout the day.,partly-cloudy-day,"08554099999,LPFR"
Faro District Portugal,2016-06-13,34.1,21,27,34,21,27,15.7,52.4,0,0,0,,0,0,39.6,28,333,1017.5,13.6,11.8,358.9,30.9,10,,2016-06-13T06:11:33,2016-06-13T20:52:22,0.27,Clear,Clear conditions throughout the day.,clear-day,"08554099999,LPFR"
Faro District Portugal,2016-06-14,29.8,18.1,22.9,28.9,18.1,22.8,13.6,56.7,0,0,0,,0,0,,31.6,284.3,1015.3,18.4,12.4,361.6,31,10,,2016-06-14T06:11:35,2016-06-14T20:52:45,0.3,Clear,Clear conditions throughout the day.,clear-day,"08554099999,LPFR"
Faro District Portugal,2016-06-15,23.1,17.1,19.5,23.1,17.1,19.5,13.8,70.3,0,0,0,,0,0,,35.7,268.5,1012.9,36.9,11.8,347.5,30,10,,2016-06-15T06:11:38,2016-06-15T20:53:07,0.34,Partially cloudy,Clearing in the afternoon.,partly-cloudy-day,"08554099999,LPFR"
Faro District Portugal,2016-06-16,23.1,14.3,18.8,23.1,14.3,18.8,12.2,67.5,0,0,0,,0,0,21.6,34.9,272.4,1015.2,14.1,11.9,360.2,31.1,10,,2016-06-16T06:11:42,2016-06-16T20:53:27,0.37,Clear,Clear conditions throughout the day.,clear-day,"08554099999,LPFR"
Faro District Portugal,2016-06-17,25.3,15.1,19.9,25.3,15.1,19.9,11.3,59,0,0,0,,0,0,21.6,24.7,294.7,1018.8,6.8,11.9,368.4,31.9,10,,2016-06-17T06:11:49,2016-06-17T20:53:46,0.4,Clear,Clear conditions throughout the day.,clear-day,"08554099999,LPFR"
Faro District Portugal,2016-06-18,29.7,17.1,22.1,28.4,17.1,22,10.7,49.4,0,0,0,,0,0,40.7,26.3,316.9,1021.7,0,12.5,365.7,31.7,10,,2016-06-18T06:11:56,2016-06-18T20:54:03,0.43,Clear,Clear conditions throughout the day.,clear-day,"08554099999,LPFR"
Faro District Portugal,2016-06-19,27.3,21.8,24,26.6,21.8,24,11.2,45.4,0,0,0,,0,0,39.6,29.1,11.7,1023.3,0.8,12.6,364,31.5,10,,2016-06-19T06:12:06,2016-06-19T20:54:19,0.47,Clear,Clear conditions throughout the day.,clear-day,"08554099999,LPFR"
Faro District Portugal,2016-06-20,28.3,22,24.7,27.9,22,24.6,12.7,48.2,0,0,0,,0,0,21.6,24,284.3,1020,0,11.9,360,31,10,,2016-06-20T06:12:17,2016-06-20T20:54:33,0.5,Clear,Clear conditions throughout the day.,clear-day,"08554099999,LPFR"
Faro District Portugal,2016-06-21,29,21.1,24.9,27.6,21.1,24.7,11.1,43.5,0,0,0,,0,0,31.7,28.3,90.9,1017.7,0,11.9,363.8,31.5,10,,2016-06-21T06:12:30,2016-06-21T20:54:45,0.54,Clear,Clear conditions throughout the day.,clear-day,"08554099999,LPFR"
Faro District Portugal,2016-06-22,26.3,20.1,23.3,26.3,20.1,23.3,12.3,52.5,0,0,0,,0,0,50,35.2,90.1,1015.7,1.7,11.9,359.1,30.9,10,,2016-06-22T06:12:44,2016-06-22T20:54:56,0.57,Clear,Clear conditions throughout the day.,clear-day,"08554099999,LPFR"
Faro District Portugal,2016-06-23,24.3,20.1,22,24.3,20.1,22,17.5,75.8,0,0,0,,0,0,,24.7,105,1019,44,10.5,349.7,30.4,10,,2016-06-23T06:13:00,2016-06-23T20:55:05,0.61,Partially cloudy,Clearing in the afternoon.,partly-cloudy-day,"08554099999,LPFR"
Faro District Portugal,2016-06-24,30.3,20.1,24.2,29.6,20.1,24.1,16.7,65.3,0,0,0,,0,0,,27.6,267.8,1018,0,11.3,354.4,30.5,10,,2016-06-24T06:13:17,2016-06-24T20:55:12,0.64,Clear,Clear conditions throughout the day.,clear-day,"08554099999,LPFR"
Faro District Portugal,2016-06-25,26.4,18.3,22.5,26.4,18.3,22.5,14.8,62.2,0,0,0,,0,0,,29.1,279.5,1015.4,6.4,11.8,366.3,31.7,10,,2016-06-25T06:13:36,2016-06-25T20:55:18,0.68,Clear,Clear conditions throughout the day.,clear-day,"08554099999,LPFR"
Faro District Portugal,2016-06-26,23.8,18.6,21.7,23.8,18.6,21.7,16,70.7,0,0,0,,0,0,,21.9,151.1,1015.3,16.1,11.7,329.6,28.5,10,,2016-06-26T06:13:56,2016-06-26T20:55:22,0.71,Clear,Clear conditions throughout the day.,clear-day,"08554099999,LPFR"
Faro District Portugal,2016-06-27,26.3,19.1,22.4,26.3,19.1,22.4,17.9,76.8,0,0,0,,0,0,,21.9,115.5,1017.3,15.8,11.1,350.8,30.2,10,,2016-06-27T06:14:18,2016-06-27T20:55:24,0.75,Clear,Clear conditions throughout the day.,clear-day,"08554099999,LPFR"
Faro District Portugal,2016-06-28,29.1,22.1,25.3,29.3,22.1,25.4,16.9,60.7,0,0,0,,0,0,,25.5,261.4,1014.6,23.2,11.2,324.2,28,9,,2016-06-28T06:14:41,2016-06-28T20:55:25,0.79,Partially cloudy,Partly cloudy throughout the day.,partly-cloudy-day,"08554099999,LPFR"
Faro District Portugal,2016-06-29,27.1,20.3,23.8,27.9,20.3,23.9,17.7,69.4,0,0,0,,0,0,,17.4,199.4,1015.4,0.4,11.2,327.7,28.3,10,,2016-06-29T06:15:05,2016-06-29T20:55:24,0.82,Clear,Clear conditions throughout the day.,clear-day,"08554099999,LPFR"
Faro District Portugal,2016-06-30,32.1,20.3,25,30.5,20.3,24.8,12.8,47.9,0,0,0,,0,0,,28.3,266.7,1016.9,0,11.8,364.8,31.5,10,,2016-06-30T06:15:30,2016-06-30T20:55:21,0.86,Clear,Clear conditions throughout the day.,clear-day,"08554099999,LPFR"
Faro District Portugal,2016-07-01,28.3,18,23.1,28.9,18,23.2,15,60.5,0,0,0,,0,0,,18.6,267.3,1017.8,0,11.7,365.8,31.8,10,,2016-07-01T06:15:57,2016-07-01T20:55:16,0.89,Clear,Clear conditions throughout the day.,clear-day,"08554099999,LPFR"
Faro District Portugal,2016-07-02,30.1,20.3,24.6,29.7,20.3,24.6,14.7,54.4,0,0,0,,0,0,,21.9,281.8,1016.6,0,11.5,352.6,30.6,10,,2016-07-02T06:16:25,2016-07-02T20:55:10,0.93,Clear,Clear conditions throughout the day.,clear-day,"08554099999,LPFR"
Faro District Portugal,2016-07-03,30.7,23.9,27.6,29.8,23.9,27.5,15.4,48.7,0,0,0,,0,0,,17.1,107,1014.4,3.2,11.8,340.3,29.4,10,,2016-07-03T06:16:55,2016-07-03T20:55:01,0.96,Clear,Clear conditions throughout the day.,clear-day,"08554099999,LPFR"
Faro District Portugal,2016-07-04,26,21.3,23.6,26,21.3,23.6,19.4,77.7,0,0,0,,0,0,,25.2,109,1016.3,50.3,10.4,309.8,26.8,9,,2016-07-04T06:17:25,2016-07-04T20:54:51,0,Partially cloudy,Partly cloudy throughout the day.,partly-cloudy-day,"08554099999,LPFR"
Faro District Portugal,2016-07-05,25,20.6,22.6,25,20.6,22.6,19,81,0,0,0,,0,0,,16.6,223.4,1017.3,38,10.5,269,23.3,8,,2016-07-05T06:17:57,2016-07-05T20:54:39,0.03,Partially cloudy,Partly cloudy throughout the day.,partly-cloudy-day,"08554099999,LPFR"
Faro District Portugal,2016-07-06,24.1,18.8,21.3,24.1,18.8,21.3,17.3,78.8,0,0,0,,0,0,,21.9,263.2,1017.2,74,11.1,241.1,20.8,9,,2016-07-06T06:18:30,2016-07-06T20:54:25,0.06,Partially cloudy,Partly cloudy throughout the day.,partly-cloudy-day,"08554099999,LPFR"
Faro District Portugal,2016-07-07,23.3,19.1,20.9,23.3,19.1,20.9,17.5,81.6,0,0,0,,0,0,,19.1,252.3,1017.8,41.7,11.4,290.4,25,9,,2016-07-07T06:19:04,2016-07-07T20:54:10,0.1,Partially cloudy,Partly cloudy throughout the day.,partly-cloudy-day,"08554099999,LPFR"
Faro District Portugal,2016-07-08,31.3,19,24.4,30.6,19,24.7,18.3,71.8,0,0,0,,0,0,,17.4,250,1018.9,22.9,10.2,347.1,30.2,10,,2016-07-08T06:19:39,2016-07-08T20:53:53,0.13,Partially cloudy,Partly cloudy throughout the day.,partly-cloudy-day,"08554099999,LPFR"
Faro District Portugal,2016-07-09,32.6,23.5,29.5,31.5,23.5,29.1,14.5,42.4,0,0,0,,0,0,,24,291.9,1015.6,4.5,11.9,346.8,30,10,,2016-07-09T06:20:14,2016-07-09T20:53:34,0.16,Clear,Clear conditions throughout the day.,clear-day,"08554099999,LPFR"
Faro District Portugal,2016-07-10,31,22.8,27.5,30.7,22.8,27.5,16.3,52.4,0,0,0,,0,0,,24,270.6,1014.6,0,10.9,339.4,29.5,10,,2016-07-10T06:20:51,2016-07-10T20:53:13,0.19,Clear,Clear conditions throughout the day.,clear-day,"08554099999,LPFR"
Faro District Portugal,2016-07-11,37.1,23.6,29.3,35,23.6,28.7,12,35.7,0,0,0,,0,0,,25.5,291.2,1014.4,2.4,11.9,356.5,30.8,10,,2016-07-11T06:21:29,2016-07-11T20:52:50,0.23,Clear,Clear conditions throughout the day.,clear-day,"08554099999,LPFR"
Faro District Portugal,2016-07-12,35.3,21,27.3,32.7,21,26.4,7.2,31.2,0,0,0,,0,0,,22.7,324.5,1015.9,2.2,12,362.9,31.4,10,,2016-07-12T06:22:08,2016-07-12T20:52:26,0.25,Clear,Clear conditions throughout the day.,clear-day,"08554099999,LPFR"
Faro District Portugal,2016-07-13,28.6,19.1,24.3,28.4,19.1,24.3,12.3,47.8,0,0,0,,0,0,,24.7,268.7,1016.4,0,12.1,362.1,31.4,10,,2016-07-13T06:22:47,2016-07-13T20:51:59,0.29,Clear,Clear conditions throughout the day.,clear-day,"08554099999,LPFR"
Faro District Portugal,2016-07-14,30.1,22.3,26.1,31.3,22.3,26.6,17.4,60.1,0,0,0,,0,0,,22.7,107,1017.1,0,11.7,349.7,30.4,10,,2016-07-14T06:23:27,2016-07-14T20:51:32,0.32,Clear,Clear conditions throughout the day.,clear-day,"08554099999,LPFR"
Faro District Portugal,2016-07-15,30.6,22.5,26.7,30.5,22.5,26.8,16.2,53.6,0,0,0,,0,0,18,30.4,94.4,1016.1,0,11.5,350.1,30.4,10,,2016-07-15T06:24:08,2016-07-15T20:51:02,0.35,Clear,Clear conditions throughout the day.,clear-day,"08554099999,LPFR"
Faro District Portugal,2016-07-16,30.3,22.6,26.7,30.3,22.6,26.6,14.8,49,0,0,0,,0,0,,26.8,100.2,1016.1,0,11.9,348.8,30.4,10,,2016-07-16T06:24:50,2016-07-16T20:50:30,0.39,Clear,Clear conditions throughout the day.,clear-day,"08554099999,LPFR"
Faro District Portugal,2016-07-17,29.3,23,26.2,29.3,23,26.2,14.3,48.7,0,0,0,,0,0,,24.7,98,1015.2,0,11.9,345.2,30,10,,2016-07-17T06:25:33,2016-07-17T20:49:57,0.42,Clear,Clear conditions throughout the day.,clear-day,"08554099999,LPFR"
Faro District Portugal,2016-07-18,27.3,23.1,25.1,28,23.1,25.1,15.9,57.3,0,0,0,,0,0,,25.5,100.9,1015,1.1,11.7,345.9,29.9,10,,2016-07-18T06:26:16,2016-07-18T20:49:22,0.45,Clear,Clear conditions throughout the day.,clear-day,"08554099999,LPFR"
Faro District Portugal,2016-07-19,32,23.3,27.1,30.7,23.3,26.9,14.6,48.3,0,0,0,,0,0,,27.6,99.6,1014.5,34.8,11.2,257.3,22.3,8,,2016-07-19T06:26:59,2016-07-19T20:48:46,0.5,Partially cloudy,Partly cloudy throughout the day.,partly-cloudy-day,"08554099999,LPFR"
Faro District Portugal,2016-07-20,29.2,24.1,26.8,29.7,24.1,27.4,17.4,57.3,0.1,100,4.17,rain,0,0,,20.6,263,1015.8,17,11.7,312.7,27,9,,2016-07-20T06:27:44,2016-07-20T20:48:08,0.52,Rain,Clear conditions throughout the day with early morning rain.,rain,"08554099999,LPFR"
Faro District Portugal,2016-07-21,33.3,21.7,27.4,32.8,21.7,27.3,13.9,44.9,0,0,0,,0,0,,31.2,280.8,1015.9,2.3,12,356.8,30.9,10,,2016-07-21T06:28:28,2016-07-21T20:47:28,0.55,Clear,Clear conditions throughout the day.,clear-day,"08554099999,LPFR"
Faro District Portugal,2016-07-22,32.3,20,25.2,32.2,20,25.5,15.6,56.2,0,0,0,,0,0,,34.1,296.3,1016.1,2.1,12.3,350.9,30.4,10,,2016-07-22T06:29:14,2016-07-22T20:46:46,0.59,Clear,Clear conditions throughout the day.,clear-day,"08554099999,LPFR"
Faro District Portugal,2016-07-23,29.6,22.6,25.7,30.2,22.6,26,17.8,62.8,0,0,0,,0,0,,24.7,121.8,1015.4,0,11.9,347.9,30.2,10,,2016-07-23T06:30:00,2016-07-23T20:46:03,0.63,Clear,Clear conditions throughout the day.,clear-day,"08554099999,LPFR"
Faro District Portugal,2016-07-24,32,23,26.9,31.6,23,27.1,18.2,61.7,0,0,0,,0,0,,24.7,102.3,1015.4,0,11.5,341.6,29.5,10,,2016-07-24T06:30:46,2016-07-24T20:45:18,0.66,Clear,Clear conditions throughout the day.,clear-day,"08554099999,LPFR"
Faro District Portugal,2016-07-25,33.3,24,28.6,32.5,24,28.4,15.6,47.3,0,0,0,,0,0,42.5,28.8,93,1015.8,0,11.9,343.8,29.8,10,,2016-07-25T06:31:33,2016-07-25T20:44:32,0.7,Clear,Clear conditions throughout the day.,clear-day,"08554099999,LPFR"
Faro District Portugal,2016-07-26,31.3,24.3,27.6,29.8,24.3,27.6,14.8,46.5,0,0,0,,0,0,,21.9,278.2,1016.7,0,11.9,342.6,29.6,10,,2016-07-26T06:32:20,2016-07-26T20:43:44,0.75,Clear,Clear conditions throughout the day.,clear-day,"08554099999,LPFR"
Faro District Portugal,2016-07-27,27.3,19.8,24.4,28,19.8,24.5,16,60.2,0,0,0,,0,0,,16.1,257.3,1016.4,0,11.9,342.8,29.5,10,,2016-07-27T06:33:07,2016-07-27T20:42:55,0.77,Clear,Clear conditions throughout the day.,clear-day,"08554099999,LPFR"
Faro District Portugal,2016-07-28,27.3,21.3,24.1,28.4,21.3,24.1,19.5,76.4,0,0,0,,0,0,,21.9,102.6,1015.6,11.6,11,339.1,29.2,10,,2016-07-28T06:33:55,2016-07-28T20:42:04,0.81,Clear,Clear conditions throughout the day.,clear-day,"08554099999,LPFR"
Faro District Portugal,2016-07-29,28,20.6,23.5,29.3,20.6,23.8,18.4,73.3,0,0,0,,0,0,,25.5,183.7,1014.6,39.4,10.7,323.9,27.9,9,,2016-07-29T06:34:43,2016-07-29T20:41:11,0.84,Partially cloudy,Becoming cloudy in the afternoon.,partly-cloudy-day,"08554099999,LPFR"
Faro District Portugal,2016-07-30,24.1,20.3,22.3,24.1,20.3,22.3,16.1,68.1,0,0,0,,0,0,,31.2,252,1017.4,56.8,11.2,294.3,25.4,9,,2016-07-30T06:35:31,2016-07-30T20:40:17,0.88,Partially cloudy,Partly cloudy throughout the day.,partly-cloudy-day,"08554099999,LPFR"
Faro District Portugal,2016-07-31,31.8,18.8,24.4,31.2,18.8,24.5,16.6,62.9,0,0,0,,0,0,,19.1,266.3,1017.7,11.6,11.7,342.1,29.6,10,,2016-07-31T06:36:20,2016-07-31T20:39:22,0.91,Clear,Clear conditions throughout the day.,clear-day,"08554099999,LPFR"
Faro District Portugal,2016-08-01,30,19.6,25.9,29.7,19.6,26.2,14.9,51.4,0,0,0,,0,0,,24,273.1,1017.2,0,11.8,347.9,30,10,,2016-08-01T06:37:09,2016-08-01T20:38:25,0.95,Clear,Clear conditions throughout the day.,clear-day,"08554099999,LPFR"
Faro District Portugal,2016-08-02,26.8,22.3,24.5,27.8,22.3,24.6,17.6,65.9,0,0,0,,0,0,,14.6,253.1,1017.5,0,11.9,342,29.5,10,,2016-08-02T06:37:58,2016-08-02T20:37:27,0,Clear,Clear conditions throughout the day.,clear-day,"08554099999,LPFR"
Faro District Portugal,2016-08-03,29.8,20.3,24.7,29.4,20.3,24.8,18.3,69.2,0,0,0,,0,0,,17,226.2,1016.4,0,11.5,337.2,29,10,,2016-08-03T06:38:47,2016-08-03T20:36:27,0.02,Clear,Clear conditions throughout the day.,clear-day,"08554099999,LPFR"
Faro District Portugal,2016-08-04,36.3,21.2,27.8,36.6,21.2,28.1,14.9,46.4,0,0,0,,0,0,,26.3,293.2,1016.5,2.6,12.4,343.2,29.7,10,,2016-08-04T06:39:36,2016-08-04T20:35:26,0.05,Clear,Clear conditions throughout the day.,clear-day,"08554099999,LPFR"
Faro District Portugal,2016-08-05,32.3,21.1,25.4,30.9,21.1,25.6,16.3,58.1,0,0,0,,0,0,,23.2,276.1,1017.5,25.5,11.8,322.1,27.6,9,,2016-08-05T06:40:26,2016-08-05T20:34:24,0.08,Partially cloudy,Partly cloudy throughout the day.,partly-cloudy-day,"08554099999,LPFR"
Faro District Portugal,2016-08-06,31.1,23.6,27.4,33.2,23.6,28.3,19.5,63.2,0,0,0,,0,0,,26.8,101.8,1018.8,0,11.5,323,27.9,10,,2016-08-06T06:41:15,2016-08-06T20:33:21,0.12,Clear,Clear conditions throughout the day.,clear-day,"08554099999,LPFR"
Faro District Portugal,2016-08-07,31.1,25,28,31.8,25,28.2,17,52.3,0,0,0,,0,0,29.5,29.6,92.4,1018.9,0,11.3,327.4,28.3,10,,2016-08-07T06:42:05,2016-08-07T20:32:16,0.15,Clear,Clear conditions throughout the day.,clear-day,"08554099999,LPFR"
Faro District Portugal,2016-08-08,33.6,24.3,27.9,32.8,24.3,27.9,16,49.6,0,0,0,,0,0,,27.6,95.3,1018.5,0,11.9,334.7,28.9,10,,2016-08-08T06:42:54,2016-08-08T20:31:10,0.18,Clear,Clear conditions throughout the day.,clear-day,"08554099999,LPFR"
Faro District Portugal,2016-08-09,30.9,24.1,26.9,29.4,24.1,26.6,14.1,47,0,0,0,,0,0,,24.7,281,1016.8,0,11.9,307.8,26.6,9,,2016-08-09T06:43:44,2016-08-09T20:30:03,0.21,Clear,Clear conditions throughout the day.,clear-day,"08554099999,LPFR"
Faro District Portugal,2016-08-10,27.3,21,25.3,28.4,21,25.4,14.2,51.7,0,0,0,,0,0,,24.7,114.7,1014.5,15,11.6,325,28,10,,2016-08-10T06:44:34,2016-08-10T20:28:55,0.25,Clear,Clear conditions throughout the day.,clear-day,"08554099999,LPFR"
Faro District Portugal,2016-08-11,30.6,23.1,26.9,30.9,23.1,27.2,17.4,56.9,0,0,0,,0,0,,29.6,93.9,1017,0,11.7,322.4,27.9,10,,2016-08-11T06:45:24,2016-08-11T20:27:45,0.28,Clear,Clear conditions throughout the day.,clear-day,"08554099999,LPFR"
Faro District Portugal,2016-08-12,30.3,23.6,27.1,30.3,23.6,27.1,16,52,0,0,0,,0,0,40.7,34.9,95.3,1019.1,0,11.7,323.2,28.1,10,,2016-08-12T06:46:14,2016-08-12T20:26:35,0.31,Clear,Clear conditions throughout the day.,clear-day,"08554099999,LPFR"
Faro District Portugal,2016-08-13,30.1,22.3,26.5,30,22.3,26.4,15.4,51.7,0,0,0,,0,0,,28.3,99,1018.6,0,11.9,325.7,28.1,10,,2016-08-13T06:47:04,2016-08-13T20:25:23,0.34,Clear,Clear conditions throughout the day.,clear-day,"08554099999,LPFR"
Faro District Portugal,2016-08-14,28.3,21.1,25.7,29.2,21.1,25.9,16.2,56.7,0,0,0,,0,0,,18.2,232,1017.3,0,11.7,303.1,26.3,9,,2016-08-14T06:47:53,2016-08-14T20:24:10,0.37,Clear,Clear conditions throughout the day.,clear-day,"08554099999,LPFR"
Faro District Portugal,2016-08-15,28.8,23.1,25.6,29.7,23.1,25.9,17.8,62.9,0,0,0,,0,0,,13.8,271.2,1016.8,35.9,11.7,173.5,15,7,,2016-08-15T06:48:43,2016-08-15T20:22:56,0.41,Partially cloudy,Partly cloudy throughout the day.,partly-cloudy-day,"08554099999,LPFR"
Faro District Portugal,2016-08-16,27.6,22,25.3,28.8,22,25.6,18.8,67.9,0,0,0,,0,0,,21.9,271.2,1015.9,14.3,11.2,294.7,25.2,9,,2016-08-16T06:49:33,2016-08-16T20:21:42,0.44,Clear,Clear conditions throughout the day.,clear-day,"08554099999,LPFR"
Faro District Portugal,2016-08-17,30.8,21.3,25.6,32.3,21.3,26,16.2,56.6,0,0,0,,0,0,,33.2,275.8,1015.7,37.3,11.9,251.5,21.6,8,,2016-08-17T06:50:23,2016-08-17T20:20:26,0.47,Partially cloudy,Partly cloudy throughout the day.,partly-cloudy-day,"08554099999,LPFR"
Faro District Portugal,2016-08-18,29,20.1,24.7,28.3,20.1,24.7,12.9,48.5,0,0,0,,0,0,,27.6,273.6,1013.9,25.1,11.9,313.7,27,9,,2016-08-18T06:51:13,2016-08-18T20:19:09,0.5,Partially cloudy,Becoming cloudy in the afternoon.,partly-cloudy-day,"08554099999,LPFR"
Faro District Portugal,2016-08-19,30.3,20.1,25,31.6,20.1,25.5,15.4,55.8,0,0,0,,0,0,,37.7,283.1,1014.4,11.4,12.5,309.7,26.7,9,,2016-08-19T06:52:02,2016-08-19T20:17:52,0.54,Clear,Clear conditions throughout the day.,clear-day,"08554099999,LPFR"
Faro District Portugal,2016-08-20,33.1,22,26.2,30.7,22,26,14.8,54.5,0,0,0,,0,0,33.5,30,305,1017.1,6.1,11.8,307.3,26.6,9,,2016-08-20T06:52:52,2016-08-20T20:16:33,0.57,Clear,Clear conditions throughout the day.,clear-day,"08554099999,LPFR"
Faro District Portugal,2016-08-21,26.3,19.7,23.3,26.3,19.7,23.3,13.9,56.1,0,0,0,,0,0,,16.1,274.6,1018.9,0,11.2,320.5,27.8,10,,2016-08-21T06:53:41,2016-08-21T20:15:14,0.61,Clear,Clear conditions throughout the day.,clear-day,"08554099999,LPFR"
Faro District Portugal,2016-08-22,30.6,21.3,26.8,32.8,21.3,27.8,18.1,59.6,0,0,0,,0,0,33.5,29.6,87.7,1019.1,0,11.5,307.2,26.6,9,,2016-08-22T06:54:31,2016-08-22T20:13:54,0.65,Clear,Clear conditions throughout the day.,clear-day,"08554099999,LPFR"
Faro District Portugal,2016-08-23,31.6,23.3,27.7,32.4,23.3,28,17.3,54.3,0,0,0,,0,0,,27.6,89.9,1017.7,7.3,11.5,290.6,25.1,9,,2016-08-23T06:55:20,2016-08-23T20:12:33,0.68,Clear,Clear conditions throughout the day.,clear-day,"08554099999,LPFR"
Faro District Portugal,2016-08-24,30.3,24.3,26.7,31.3,24.3,27.1,17.2,56.7,0,0,0,,0,0,33.5,30.4,89.1,1014.9,1.2,11.7,289.5,25,9,,2016-08-24T06:56:10,2016-08-24T20:11:11,0.72,Clear,Clear conditions throughout the day.,clear-day,"08554099999,LPFR"
Faro District Portugal,2016-08-25,30,22.8,26.6,30.6,22.8,26.7,16.6,55.4,0,0,0,,0,0,29.5,30.4,92.2,1012.6,11.3,11.7,270,23.1,9,,2016-08-25T06:56:59,2016-08-25T20:09:48,0.75,Clear,Clear conditions throughout the day.,clear-day,"08554099999,LPFR"
Faro District Portugal,2016-08-26,30.3,24,26.5,30.8,24,26.7,17.8,60.2,0,0,0,,0,0,,29.6,96.8,1013.4,9,11.9,277.6,24,9,,2016-08-26T06:57:48,2016-08-26T20:08:25,0.79,Clear,Clear conditions throughout the day.,clear-day,"08554099999,LPFR"
Faro District Portugal,2016-08-27,29.1,23.8,25.9,30.5,23.8,26.5,20.2,71.9,0,0,0,,0,0,,21.1,89.3,1016.5,9.8,10.7,264.4,22.9,9,,2016-08-27T06:58:37,2016-08-27T20:07:01,0.82,Clear,Clear conditions throughout the day.,clear-day,"08554099999,LPFR"
Faro District Portugal,2016-08-28,32.1,22.6,26.7,31.6,22.6,27.2,18.4,62.4,0,0,0,,0,0,,17.4,275.9,1018.9,1,11.3,277.7,24,9,,2016-08-28T06:59:26,2016-08-28T20:05:37,0.86,Clear,Clear conditions throughout the day.,clear-day,"08554099999,LPFR"
Faro District Portugal,2016-08-29,30.8,23.1,27.3,30.1,23.1,27.2,12.8,41.7,0,0,0,,0,0,,29.1,280.8,1018.8,17.8,11.7,273.5,23.7,9,,2016-08-29T07:00:15,2016-08-29T20:04:12,0.9,Clear,Clear conditions throughout the day.,clear-day,"08554099999,LPFR"
Faro District Portugal,2016-08-30,28.3,20.1,24.2,28.8,20.1,24.2,12.7,49.9,0,0,0,,0,0,,34.1,281.1,1017.3,5.3,11.2,297.8,25.6,9,,2016-08-30T07:01:04,2016-08-30T20:02:46,0.93,Clear,Clear conditions throughout the day.,clear-day,"08554099999,LPFR"
Faro District Portugal,2016-08-31,24.6,18.3,22.3,24.6,18.3,22.3,16.1,68.3,0,0,0,,0,0,,17,255.6,1017.9,11.1,11.7,295,25.4,9,,2016-08-31T07:01:53,2016-08-31T20:01:20,0.97,Clear,Clear conditions throughout the day.,clear-day,"08554099999,LPFR"
Faro District Portugal,2016-09-01,29.1,21.6,25.3,30.5,21.6,25.8,18.8,67.6,0,0,0,,0,0,25.9,20.2,88.4,1019.2,19.4,11.3,288.1,24.9,9,,2016-09-01T07:02:42,2016-09-01T19:59:53,0,Clear,Clear conditions throughout the day.,clear-day,"08554099999,LPFR"
Faro District Portugal,2016-09-02,30.1,23.3,26.3,30.6,23.3,26.7,18.4,62.5,0,0,0,,0,0,,18.2,121.8,1019,0,11.5,285.3,24.6,9,,2016-09-02T07:03:31,2016-09-02T19:58:26,0.04,Clear,Clear conditions throughout the day.,clear-day,"08554099999,LPFR"
Faro District Portugal,2016-09-03,32,23.3,27.1,32.5,23.3,27.5,18.2,59.5,0,0,0,,0,0,,21.9,66.1,1017.9,22.1,11.8,265.7,23,9,,2016-09-03T07:04:19,2016-09-03T19:56:58,0.07,Partially cloudy,Clearing in the afternoon.,partly-cloudy-day,"08554099999,LPFR"
Faro District Portugal,2016-09-04,32.3,25.6,28.8,32.3,25.6,28.8,15.8,46.1,0,0,0,,0,0,,27.6,79.2,1018.4,25.6,11.7,266.7,23,8,,2016-09-04T07:05:08,2016-09-04T19:55:30,0.1,Partially cloudy,Partly cloudy throughout the day.,partly-cloudy-day,"08554099999,LPFR"
Faro District Portugal,2016-09-05,33.6,24.1,28.6,34.9,24.1,29,16,47.1,0,0,0,,0,0,,20.2,121.2,1018.1,29,11.8,262.6,22.6,8,,2016-09-05T07:05:57,2016-09-05T19:54:01,0.13,Partially cloudy,Partly cloudy throughout the day.,partly-cloudy-day,"08554099999,LPFR"
Faro District Portugal,2016-09-06,32.3,23.1,28,32.5,23.1,28,15.3,46.8,0,0,0,,0,0,,21.9,253.7,1016.4,18.6,11.8,247.1,21.3,9,,2016-09-06T07:06:45,2016-09-06T19:52:32,0.16,Clear,Clear conditions throughout the day.,clear-day,"08554099999,LPFR"
Faro District Portugal,2016-09-07,26.8,22.3,24.8,27,22.3,24.9,18,66.8,0,0,0,,0,0,,28.3,270.9,1015,12.2,11,274,23.7,9,,2016-09-07T07:07:34,2016-09-07T19:51:02,0.2,Clear,Clear conditions throughout the day.,clear-day,"08554099999,LPFR"
Faro District Portugal,2016-09-08,29.3,21.1,24.5,29.3,21.1,24.6,14.9,56.3,0,0,0,,0,0,,32.1,290.7,1016.9,16.7,11.4,267.1,22.9,9,,2016-09-08T07:08:22,2016-09-08T19:49:33,0.23,Clear,Clear conditions throughout the day.,clear-day,"08554099999,LPFR"
Faro District Portugal,2016-09-09,29.1,17.8,22.7,28.5,17.8,22.6,12.3,52.6,0,0,0,,0,0,,29.1,303,1017.5,8,11.9,281.1,24.2,9,,2016-09-09T07:09:11,2016-09-09T19:48:03,0.25,Clear,Clear conditions throughout the day.,clear-day,"08554099999,LPFR"
Faro District Portugal,2016-09-10,28.8,19.3,24.1,28.7,19.3,24.1,14.6,56.3,0,0,0,,0,0,,25.9,303.8,1016.7,10.8,11.9,281.6,24.3,9,,2016-09-10T07:09:59,2016-09-10T19:46:32,0.29,Clear,Clear conditions throughout the day.,clear-day,"08554099999,LPFR"
Faro District Portugal,2016-09-11,25.3,19.6,23.1,25.3,19.6,23.1,17.2,69.9,0,0,0,,0,0,,14.6,225.1,1015.2,35.3,11.5,216.9,18.6,8,,2016-09-11T07:10:48,2016-09-11T19:45:02,0.33,Partially cloudy,Partly cloudy throughout the day.,partly-cloudy-day,"08554099999,LPFR"
Faro District Portugal,2016-09-12,27,19,22.5,28.2,19,22.5,18.2,77.4,0,0,0,,0,0,,24.7,259.9,1013.7,44.4,10.9,235.1,20.5,8,,2016-09-12T07:11:36,2016-09-12T19:43:31,0.36,Partially cloudy,Partly cloudy throughout the day.,partly-cloudy-day,"08554099999,LPFR"
Faro District Portugal,2016-09-13,26.3,18.8,22.4,26.3,18.8,22.4,15.3,68.4,8.9,100,8.33,rain,0,0,,30,285.9,1016.2,55.7,11.5,207.9,18,8,,2016-09-13T07:12:25,2016-09-13T19:42:00,0.39,"Rain, Partially cloudy",Clearing in the afternoon with morning rain.,rain,"08554099999,LPFR"
Faro District Portugal,2016-09-14,24.3,15.8,19.6,24.3,15.8,19.6,11.9,63.5,0,0,0,,0,0,,27.1,287.8,1019.5,41,11.7,246.9,21.3,8,,2016-09-14T07:13:14,2016-09-14T19:40:29,0.42,Partially cloudy,Partly cloudy throughout the day.,partly-cloudy-day,"08554099999,LPFR"
Faro District Portugal,2016-09-15,26.1,15.1,19.8,26.1,15.1,19.8,12.1,62.4,0,0,0,,0,0,,27.1,296.8,1019.7,18.6,11.9,267.4,23,9,,2016-09-15T07:14:02,2016-09-15T19:38:57,0.46,Clear,Clear conditions throughout the day.,clear-day,"08554099999,LPFR"
Faro District Portugal,2016-09-16,24,17.1,20.5,24,17.1,20.5,13.7,66,0,0,0,,0,0,,17.4,271.1,1020.9,0,11.7,267.7,23.2,9,,2016-09-16T07:14:51,2016-09-16T19:37:26,0.5,Clear,Clear conditions throughout the day.,clear-day,"08554099999,LPFR"
Faro District Portugal,2016-09-17,29.3,18.3,23.7,28.1,18.3,23.5,12.3,50.8,0,0,0,,0,0,38.9,24.7,46.4,1018.4,1.7,11.9,268.9,23.2,9,,2016-09-17T07:15:40,2016-09-17T19:35:54,0.52,Clear,Clear conditions throughout the day.,clear-day,"08554099999,LPFR"
Faro District Portugal,2016-09-18,27.3,19.3,22.9,27.1,19.3,22.9,14,58.6,0,0,0,,0,0,,17.4,247.3,1017.5,2.1,11.7,265.9,23,9,,2016-09-18T07:16:29,2016-09-18T19:34:23,0.56,Clear,Clear conditions throughout the day.,clear-day,"08554099999,LPFR"
Faro District Portugal,2016-09-19,25.6,19,22.1,25.6,19,22.1,16.3,71.3,0,0,0,,0,0,,30.4,93.6,1017.4,43.2,11.6,144.7,12.5,6,,2016-09-19T07:17:18,2016-09-19T19:32:51,0.59,Partially cloudy,Partly cloudy throughout the day.,partly-cloudy-day,"08554099999,LPFR"
Faro District Portugal,2016-09-20,22.1,18.3,19.9,22.1,18.3,19.9,18,89.2,0,0,0,,0,0,,13,234.5,1016.1,56.4,7.1,262.4,22.9,9,,2016-09-20T07:18:07,2016-09-20T19:31:20,0.63,Partially cloudy,Partly cloudy throughout the day.,partly-cloudy-day,"08554099999,LPFR"
Faro District Portugal,2016-09-21,22,15.6,19.4,22,15.6,19.4,14.8,75.2,0,0,0,,0,0,,18.2,263.7,1016.7,4.7,11.8,260.2,22.6,9,,2016-09-21T07:18:56,2016-09-21T19:29:48,0.66,Clear,Clear conditions throughout the day.,clear-day,"08554099999,LPFR"
Faro District Portugal,2016-09-22,23,16,19.8,23,16,19.8,12.3,62.5,0,0,0,,0,0,,25.5,275.4,1019.7,16.8,11.7,242.4,20.9,8,,2016-09-22T07:19:45,2016-09-22T19:28:16,0.7,Clear,Clear conditions throughout the day.,clear-day,"08554099999,LPFR"
Faro District Portugal,2016-09-23,23.1,16.3,20,23.1,16.3,20,13.3,65.8,0,0,0,,0,0,,18.4,230.7,1022.2,0,12.1,256.2,22.1,8,,2016-09-23T07:20:35,2016-09-23T19:26:45,0.75,Clear,Clear conditions throughout the day.,clear-day,"08554099999,LPFR"
Faro District Portugal,2016-09-24,24.6,16.1,21.1,24.6,16.1,21.1,14.4,66.4,0,0,0,,0,0,,19.9,282.1,1020.6,17.5,11.9,249,21.4,8,,2016-09-24T07:21:24,2016-09-24T19:25:14,0.77,Clear,Clear conditions throughout the day.,clear-day,"08554099999,LPFR"
Faro District Portugal,2016-09-25,24.8,18,22.1,24.8,18,22.1,15.2,65.7,0,0,0,,0,0,,18.2,295.3,1019.7,57.3,12.1,239.2,20.8,8,,2016-09-25T07:22:14,2016-09-25T19:23:43,0.8,Partially cloudy,Partly cloudy throughout the day.,partly-cloudy-day,"08554099999,LPFR"
Faro District Portugal,2016-09-26,24.6,20.5,22.9,24.6,20.5,22.9,11.1,47.8,0,0,0,,0,0,,18.4,303.3,1019,74.6,12.4,167.9,14.4,7,,2016-09-26T07:23:04,2016-09-26T19:22:12,0.84,Partially cloudy,Partly cloudy throughout the day.,partly-cloudy-day,"08554099999,LPFR"
Faro District Portugal,2016-09-27,28.3,20.3,25.1,27.4,20.3,24.9,10.1,40.6,0,0,0,,0,0,,24,36.4,1020.5,0.4,11.9,244.1,21,8,,2016-09-27T07:23:54,2016-09-27T19:20:41,0.88,Clear,Clear conditions throughout the day.,clear-day,"08554099999,LPFR"
Faro District Portugal,2016-09-28,27.1,20.6,24,27.5,20.6,24.1,14.7,56.6,0,0,0,,0,0,,25.2,81.2,1021.5,1.6,11.7,240.3,20.7,8,,2016-09-28T07:24:44,2016-09-28T19:19:10,0.91,Clear,Clear conditions throughout the day.,clear-day,"08554099999,LPFR"
Faro District Portugal,2016-09-29,29.3,20,24.4,28.3,20,24.2,13.5,52.6,0,0,0,,0,0,40.7,29.6,86.8,1019.9,7.5,11.7,238.8,20.5,8,,2016-09-29T07:25:35,2016-09-29T19:17:40,0.95,Clear,Clear conditions throughout the day.,clear-day,"08554099999,LPFR"
Faro District Portugal,2016-09-30,26.3,20.3,23.4,26.3,20.3,23.4,13.9,55.6,0,0,0,,0,0,,23.2,88.5,1016.4,1.5,12.1,238.4,20.6,8,,2016-09-30T07:26:25,2016-09-30T19:16:10,0.98,Clear,Clear conditions throughout the day.,clear-day,"08554099999,LPFR"
Faro District Portugal,2016-10-01,26.1,19.3,22.3,26.1,19.3,22.3,14.2,60.9,0,0,0,,0,0,,17.4,274.6,1015,30,11.9,232,19.9,8,,2016-10-01T07:27:16,2016-10-01T19:14:40,0,Partially cloudy,Partly cloudy throughout the day.,partly-cloudy-day,"08554099999,LPFR"
Faro District Portugal,2016-10-02,23.6,18,21.2,23.6,18,21.2,9.4,47.3,0,0,0,,0,0,,21.9,271.3,1015.9,20.4,12.4,237,20.5,8,,2016-10-02T07:28:07,2016-10-02T19:13:11,0.05,Partially cloudy,Partly cloudy throughout the day.,partly-cloudy-day,"08554099999,LPFR"
Faro District Portugal,2016-10-03,23.3,16.6,20.5,23.3,16.6,20.5,11.5,56.9,0,0,0,,0,0,,15.3,318.4,1017.7,61.7,12.4,228,19.5,8,,2016-10-03T07:28:59,2016-10-03T19:11:42,0.08,Partially cloudy,Partly cloudy throughout the day.,partly-cloudy-day,"08554099999,LPFR"
Faro District Portugal,2016-10-04,25.3,16.6,21.6,25.3,16.6,21.6,11.2,51.8,0,0,0,,0,0,,21.9,281.3,1018.8,12,11.7,220.4,19,8,,2016-10-04T07:29:50,2016-10-04T19:10:14,0.11,Clear,Clear conditions throughout the day.,clear-day,"08554099999,LPFR"
Faro District Portugal,2016-10-05,25.3,18.9,21.9,25.3,18.9,21.9,16,69.7,0,0,0,,0,0,,19.1,110.6,1015.8,5,11.1,220.9,19,8,,2016-10-05T07:30:42,2016-10-05T19:08:46,0.15,Clear,Clear conditions throughout the day.,clear-day,"08554099999,LPFR"
Faro District Portugal,2016-10-06,25.1,18.6,21.4,25.1,18.6,21.4,16.6,74.2,0,0,0,,0,0,,15.3,271,1013.1,10.6,11.2,224.4,19.4,8,,2016-10-06T07:31:35,2016-10-06T19:07:18,0.18,Clear,Clear conditions throughout the day.,clear-day,"08554099999,LPFR"
Faro District Portugal,2016-10-07,23.3,15.3,20,23.3,15.3,20,11.5,58.3,0,0,0,,0,0,,15.3,261.9,1014.5,31.7,11.7,221.8,19,8,,2016-10-07T07:32:27,2016-10-07T19:05:51,0.21,Partially cloudy,Clearing in the afternoon.,partly-cloudy-day,"08554099999,LPFR"
Faro District Portugal,2016-10-08,24.8,15,21,24.8,15,21,11.6,55.9,0,0,0,,0,0,,19.1,294.6,1017.2,32.9,11.7,208.8,18,8,,2016-10-08T07:33:20,2016-10-08T19:04:25,0.25,Partially cloudy,Clearing in the afternoon.,partly-cloudy-day,"08554099999,LPFR"
Faro District Portugal,2016-10-09,23.8,15.1,19.3,23.8,15.1,19.3,12.3,64.6,0,0,0,,0,0,,32.1,291.1,1018.8,27.7,11.4,197.9,17.1,7,,2016-10-09T07:34:13,2016-10-09T19:02:59,0.25,Partially cloudy,Partly cloudy throughout the day.,partly-cloudy-day,"08554099999,LPFR"
Faro District Portugal,2016-10-10,21,12.7,17.6,21,12.7,17.6,12.4,72.2,0,0,0,,0,0,,20.2,286.4,1018.7,1.6,11.9,219.7,18.8,8,,2016-10-10T07:35:06,2016-10-10T19:01:34,0.31,Clear,Clear conditions throughout the day.,clear-day,"08554099999,LPFR"
Faro District Portugal,2016-10-11,22,14.8,18.3,22,14.8,18.3,12.9,71.4,0,0,0,,0,0,,37.7,266.7,1015.9,8.9,11.3,210.1,18.2,7,,2016-10-11T07:36:00,2016-10-11T19:00:09,0.34,Clear,Clear conditions throughout the day.,clear-day,"08554099999,LPFR"
Faro District Portugal,2016-10-12,20.1,17.7,18.9,20.1,17.7,18.9,16.6,86.5,3.7,100,8.33,rain,0,0,,28.3,246.3,1007.2,60.5,10.4,55.7,4.8,2,,2016-10-12T07:36:54,2016-10-12T18:58:45,0.38,"Rain, Partially cloudy",Partly cloudy throughout the day with rain clearing later.,rain,"08554099999,LPFR"
Faro District Portugal,2016-10-13,21.8,13.8,17.6,21.8,13.8,17.6,13.2,76.6,0.3,100,4.17,rain,0,0,,30.4,281.6,1005.8,34.7,11.3,183.8,16,7,,2016-10-13T07:37:48,2016-10-13T18:57:22,0.41,"Rain, Partially cloudy",Partly cloudy throughout the day with early morning rain.,rain,"08554099999,LPFR"
Faro District Portugal,2016-10-14,21.5,14,17.7,21.5,14,17.7,11.3,68.1,0,0,0,,0,0,,27.6,289.4,1011.1,7.4,11.2,210.7,18.3,7,,2016-10-14T07:38:43,2016-10-14T18:55:59,0.44,Clear,Clear conditions throughout the day.,clear-day,"08554099999,LPFR"
Faro District Portugal,2016-10-15,20.3,11.9,16.8,20.3,11.9,16.8,12,74,0,0,0,,0,0,,14.6,86.1,1015.1,21.7,11.4,195.7,17,7,,2016-10-15T07:39:38,2016-10-15T18:54:37,0.48,Partially cloudy,Becoming cloudy in the afternoon.,partly-cloudy-day,"08554099999,LPFR"
Faro District Portugal,2016-10-16,21.8,13.1,17.6,21.8,13.1,17.6,13,75.1,0,0,0,,0,0,,21.9,83.5,1017.3,47.2,11.5,203.5,17.5,7,,2016-10-16T07:40:34,2016-10-16T18:53:16,0.5,Partially cloudy,Partly cloudy throughout the day.,partly-cloudy-day,"08554099999,LPFR"
Faro District Portugal,2016-10-17,22.5,16.1,19.2,22.5,16.1,19.2,15.2,78.4,0,0,0,,0,0,,14.6,88.8,1021.6,48.3,10.5,163,14.1,6,,2016-10-17T07:41:29,2016-10-17T18:51:56,0.54,Partially cloudy,Becoming cloudy in the afternoon.,partly-cloudy-day,"08554099999,LPFR"
Faro District Portugal,2016-10-18,26.8,18.3,22,26.9,18.3,22,14.3,63.2,0,0,0,,0,0,,18.2,83,1022.2,79.2,11.1,154.9,13.4,6,,2016-10-18T07:42:26,2016-10-18T18:50:37,0.58,Partially cloudy,Partly cloudy throughout the day.,partly-cloudy-day,"08554099999,LPFR"
Faro District Portugal,2016-10-19,24,18.3,21.5,24,18.3,21.5,16.7,74.2,0,0,0,,0,0,29.5,18.2,83.6,1019.4,77.4,11.2,97.6,8.5,3,,2016-10-19T07:43:22,2016-10-19T18:49:18,0.61,Partially cloudy,Partly cloudy throughout the day.,partly-cloudy-day,"08554099999,LPFR"
Faro District Portugal,2016-10-20,22.1,17.1,19.7,22.1,17.1,19.7,16.6,82.8,0,0,0,,0,0,,15.3,256.9,1014.4,51.8,10.8,155.1,13.3,7,,2016-10-20T07:44:19,2016-10-20T18:48:01,0.65,Partially cloudy,Partly cloudy throughout the day.,partly-cloudy-day,"08554099999,LPFR"
Faro District Portugal,2016-10-21,21,15.6,18.5,21,15.6,18.5,15.2,81.3,2.7,100,16.67,rain,0,0,,15.3,115.4,1012.1,62.1,10.6,114.9,9.9,4,,2016-10-21T07:45:16,2016-10-21T18:46:44,0.68,"Rain, Partially cloudy",Partly cloudy throughout the day with late afternoon rain.,rain,"08554099999,LPFR"
Faro District Portugal,2016-10-22,22.3,18.1,20.2,22.3,18.1,20.2,18.3,88.7,9.6,100,29.17,rain,0,0.6,,29.1,206.8,1008,62.8,9.9,147.8,12.8,5,,2016-10-22T07:46:14,2016-10-22T18:45:29,0.75,"Rain, Partially cloudy",Partly cloudy throughout the day with rain.,rain,"08554099999,LPFR"
Faro District Portugal,2016-10-23,20.8,16.8,18.7,20.8,16.8,18.7,14.9,79,6.2,100,20.83,rain,0,0.4,,34.9,227.6,1006.5,63.4,10.3,116.7,9.9,5,,2016-10-23T07:47:12,2016-10-23T18:44:14,0.75,"Rain, Partially cloudy",Partly cloudy throughout the day with rain.,rain,"08554099999,LPFR"
Faro District Portugal,2016-10-24,20,15.1,17.5,20,15.1,17.5,15.1,85.6,42.2,100,66.67,rain,0,0,,30.4,146.3,1007.3,64.3,9.4,99.9,8.5,4,,2016-10-24T07:48:10,2016-10-24T18:43:01,0.78,"Rain, Partially cloudy",Partly cloudy throughout the day with rain.,rain,"08554099999,LPFR"
Faro District Portugal,2016-10-25,22,18.1,19.8,22,18.1,19.8,17.7,87.9,8,100,20.83,rain,0,0,,30,131.7,1013.3,74.1,9.9,51.5,4.4,2,,2016-10-25T07:49:08,2016-10-25T18:41:49,0.82,"Rain, Partially cloudy",Partly cloudy throughout the day with rain in the morning and afternoon.,rain,"08554099999,LPFR"
Faro District Portugal,2016-10-26,25.9,19.3,22.6,25.9,19.3,22.6,16.4,68.5,0.1,100,4.17,rain,0,0,,22.2,65.6,1019.7,88,11,117.3,10.2,5,,2016-10-26T07:50:07,2016-10-26T18:40:38,0.85,"Rain, Partially cloudy",Partly cloudy throughout the day with early morning rain.,rain,"08554099999,LPFR"
Faro District Portugal,2016-10-27,25.1,21.8,23.5,25.1,21.8,23.5,17.2,68.1,0,0,0,,0,0,44.6,29.6,77.5,1021.2,88,10.9,141.5,12.3,6,,2016-10-27T07:51:07,2016-10-27T18:39:28,0.89,Partially cloudy,Partly cloudy throughout the day.,partly-cloudy-day,"08554099999,LPFR"
Faro District Portugal,2016-10-28,25.8,20.3,22.4,25.8,20.3,22.4,16,68.5,0,0,0,,0,0,44.6,36.2,82.7,1024,68.7,11.3,164.4,14.2,6,,2016-10-28T07:52:06,2016-10-28T18:38:19,0.92,Partially cloudy,Partly cloudy throughout the day.,partly-cloudy-day,"08554099999,LPFR"
Faro District Portugal,2016-10-29,23.3,19.1,21.1,23.3,19.1,21.1,14.9,68.2,0,0,0,,0,0,46.4,28.8,80.5,1023.4,87.3,11.2,119.6,10.4,5,,2016-10-29T07:53:06,2016-10-29T18:37:11,0.96,Partially cloudy,Partly cloudy throughout the day.,partly-cloudy-day,"08554099999,LPFR"
Faro District Portugal,2016-10-30,23,16.3,19.6,23,16.3,19.6,13,66.9,0,0,0,,0,0,38.9,24,70.2,1020,53.4,11.9,163,14.8,6,,2016-10-30T06:54:07,2016-10-30T17:36:05,0,Partially cloudy,Partly cloudy throughout the day.,partly-cloudy-day,"08554099999,LPFR"
Faro District Portugal,2016-10-31,22.1,17,19.4,22.1,17,19.4,14.4,73,0,0,0,,0,0,,28.8,79,1018.5,42.9,12.1,164.6,14.1,6,,2016-10-31T06:55:07,2016-10-31T17:35:00,0.03,Partially cloudy,Partly cloudy throughout the day.,partly-cloudy-day,"08554099999,LPFR"
Faro District Portugal,2016-11-01,22.5,19,20.5,22.5,19,20.5,17.4,82.7,0,0,0,,0,0,,30.4,108.6,1020.2,59.5,10.7,148,12.9,6,,2016-11-01T06:56:08,2016-11-01T17:33:56,0.06,Partially cloudy,Partly cloudy throughout the day.,partly-cloudy-day,"08554099999,LPFR"
Faro District Portugal,2016-11-02,21.7,17.8,19.4,21.7,17.8,19.4,17,86.5,0,0,0,,0,0,,24.7,90.4,1020.1,64.6,9,161.1,13.8,6,,2016-11-02T06:57:09,2016-11-02T17:32:54,0.09,Partially cloudy,Partly cloudy throughout the day.,partly-cloudy-day,"08554099999,LPFR"
Faro District Portugal,2016-11-03,21.7,16.6,19.2,21.7,16.6,19.2,16.2,83.3,0.3,100,8.33,rain,0,0,,25.9,86.8,1016.5,49.5,9.8,85.2,7.2,4,,2016-11-03T06:58:11,2016-11-03T17:31:53,0.13,"Rain, Partially cloudy",Partly cloudy throughout the day with late afternoon rain.,rain,"08554099999,LPFR"
Faro District Portugal,2016-11-04,21.3,19,20.1,21.3,19,20.1,16.5,80.1,2.6,100,25,rain,0,0,50,39.3,166.4,1014.7,60.6,10.8,39.1,3.2,2,,2016-11-04T06:59:12,2016-11-04T17:30:54,0.16,"Rain, Partially cloudy",Partly cloudy throughout the day with rain.,rain,"08554099999,LPFR"
Faro District Portugal,2016-11-05,21.5,15.1,18.9,21.5,15.1,18.9,15.2,79.4,1.4,100,8.33,rain,0,0,,32.1,262.3,1013.7,41.1,11.9,152.4,13.1,6,,2016-11-05T07:00:14,2016-11-05T17:29:56,0.19,"Rain, Partially cloudy",Partly cloudy throughout the day with afternoon rain.,rain,"08554099999,LPFR"
Faro District Portugal,2016-11-06,19,10.8,14.9,19,10.8,14.9,7,61.6,0,0,0,,0,0,,15.3,322.2,1016.1,38.3,12.3,155.3,13.4,6,,2016-11-06T07:01:16,2016-11-06T17:29:00,0.23,Partially cloudy,Partly cloudy throughout the day.,partly-cloudy-day,"08554099999,LPFR"
Faro District Portugal,2016-11-07,18.1,9.8,13.4,18.1,8,13.4,3.6,54.3,0,0,0,,0,0,,26.3,321.4,1017.5,16.6,12.5,158.3,13.7,6,,2016-11-07T07:02:18,2016-11-07T17:28:05,0.25,Clear,Clear conditions throughout the day.,clear-day,"08554099999,LPFR"
Faro District Portugal,2016-11-08,19,8.3,13,19,7.9,12.8,4.4,57.6,0,0,0,,0,0,,18.4,310.1,1025.4,6.2,11.5,170.1,14.8,6,,2016-11-08T07:03:21,2016-11-08T17:27:11,0.3,Clear,Clear conditions throughout the day.,clear-day,"08554099999,LPFR"
Faro District Portugal,2016-11-09,20,8,15,20,7.6,14.9,11.9,81.9,0,0,0,,0,0,,27.7,278.5,1026.6,62.1,10.4,113.4,9.9,5,,2016-11-09T07:04:23,2016-11-09T17:26:20,0.33,Partially cloudy,Partly cloudy throughout the day.,partly-cloudy-day,"08554099999,LPFR"
Faro District Portugal,2016-11-10,19.8,12.1,15.7,19.8,12.1,15.7,9.3,68,0,0,0,,0,0,,19.1,327.2,1027.3,25.3,11.8,157.6,13.7,6,,2016-11-10T07:05:26,2016-11-10T17:25:29,0.36,Partially cloudy,Partly cloudy throughout the day.,partly-cloudy-day,"08554099999,LPFR"
Faro District Portugal,2016-11-11,18.8,10.3,14.8,18.8,10.3,14.8,9.6,71.7,0,0,0,,0,0,,15.3,321.6,1026.3,52.4,11.5,150.2,12.9,6,,2016-11-11T07:06:29,2016-11-11T17:24:41,0.4,Partially cloudy,Partly cloudy throughout the day.,partly-cloudy-day,"08554099999,LPFR"
Faro District Portugal,2016-11-12,22,11.3,16.1,22,11.3,16.1,12.2,78.7,0,0,0,,0,0,,18.2,314.3,1023.8,48.3,11.5,121.9,10.7,4,,2016-11-12T07:07:31,2016-11-12T17:23:54,0.43,Partially cloudy,Partly cloudy throughout the day.,partly-cloudy-day,"08554099999,LPFR"
Faro District Portugal,2016-11-13,20.1,13.6,16.6,20.1,13.6,16.6,11.4,72.4,0,0,0,,0,0,,21.1,67.6,1021.7,49.6,11.7,119.8,10.4,5,,2016-11-13T07:08:34,2016-11-13T17:23:09,0.46,Partially cloudy,Partly cloudy throughout the day.,partly-cloudy-day,"08554099999,LPFR"
Faro District Portugal,2016-11-14,22,12.3,16.7,22,12.3,16.7,9.9,65.4,0,0,0,,0,0,,24.7,66.7,1021.5,0,11,154.4,13.3,6,,2016-11-14T07:09:37,2016-11-14T17:22:26,0.5,Clear,Clear conditions throughout the day.,clear-day,"08554099999,LPFR"
Faro District Portugal,2016-11-15,20,14,16.7,20,14,16.7,5.9,49.2,0,0,0,,0,0,37.1,30,67.5,1023.8,0.2,11.9,152.8,13.1,6,,2016-11-15T07:10:40,2016-11-15T17:21:44,0.53,Clear,Clear conditions throughout the day.,clear-day,"08554099999,LPFR"
Faro District Portugal,2016-11-16,20.1,13.3,16.2,20.1,13.3,16.2,5.7,50.2,0,0,0,,0,0,40.7,23.5,63.2,1023.9,0,11.8,152.4,13.1,6,,2016-11-16T07:11:42,2016-11-16T17:21:04,0.56,Clear,Clear conditions throughout the day.,clear-day,"08554099999,LPFR"
Faro District Portugal,2016-11-17,19.3,10,15.1,19.3,10,15.1,5.7,54.8,0,0,0,,0,0,,18.2,59.3,1021,20.5,12.1,151.7,13.1,6,,2016-11-17T07:12:45,2016-11-17T17:20:26,0.6,Partially cloudy,Partly cloudy throughout the day.,partly-cloudy-day,"08554099999,LPFR"
Faro District Portugal,2016-11-18,20.3,10.6,15.2,20.3,10.6,15.2,9.5,69.4,0,0,0,,0,0,,21.9,302.4,1018.4,40.8,11.7,138.7,11.9,6,,2016-11-18T07:13:47,2016-11-18T17:19:50,0.63,Partially cloudy,Partly cloudy throughout the day.,partly-cloudy-day,"08554099999,LPFR"
Faro District Portugal,2016-11-19,19.3,11.6,15.4,19.3,11.6,15.4,9.1,67.4,0,0,0,,0,0,,24.7,297.4,1018.6,34.2,11.9,146.6,12.8,6,,2016-11-19T07:14:49,2016-11-19T17:19:16,0.66,Partially cloudy,Partly cloudy throughout the day.,partly-cloudy-day,"08554099999,LPFR"
Faro District Portugal,2016-11-20,19.3,17,17.9,19.3,17,17.9,15.4,85.4,15.8,100,20.83,rain,0,0,55.4,34.4,236.4,1012.9,88.2,9.7,76.7,6.5,3,,2016-11-20T07:15:51,2016-11-20T17:18:43,0.7,"Rain, Partially cloudy",Partly cloudy throughout the day with rain.,rain,"08554099999,LPFR"
Faro District Portugal,2016-11-21,18.7,12.3,16.3,18.7,12.3,16.3,12.9,80.6,9.9,100,29.17,rain,0,0,,39.3,263.9,1007.2,69.9,10.2,101.4,8.8,4,,2016-11-21T07:16:53,2016-11-21T17:18:13,0.75,"Rain, Partially cloudy",Partly cloudy throughout the day with a chance of rain throughout the day.,rain,"08554099999,LPFR"
Faro District Portugal,2016-11-22,16.3,9.8,12.6,16.3,8.9,12.5,7.9,74.6,1.1,100,8.33,rain,0,0,,16.6,334.9,1005.4,49.7,10.8,72.2,6.3,3,,2016-11-22T07:17:54,2016-11-22T17:17:44,0.77,"Rain, Partially cloudy",Partly cloudy throughout the day with early morning rain.,rain,"08554099999,LPFR"
Faro District Portugal,2016-11-23,15.3,6.9,11,15.3,5.5,10.7,5.2,68.8,0,0,0,,0,0,,19.9,302.5,1008.2,45.8,11.5,101.2,8.7,5,,2016-11-23T07:18:55,2016-11-23T17:17:18,0.8,Partially cloudy,Partly cloudy throughout the day.,partly-cloudy-day,"LPFR,08554099999"
Faro District Portugal,2016-11-24,15.7,7.3,11.2,15.7,5.4,10.5,6.1,71.3,0.1,100,4.17,rain,0,0,,24,300.8,1012.5,41.4,11.5,113.6,9.8,5,,2016-11-24T07:19:56,2016-11-24T17:16:53,0.83,"Rain, Partially cloudy",Partly cloudy throughout the day with afternoon rain.,rain,"08554099999,LPFR"
Faro District Portugal,2016-11-25,17.3,10.8,14.7,17.3,10.8,14.7,10.2,75.1,2.5,100,16.67,rain,0,0,50.4,31.2,244.5,1006.7,50.9,11.3,49.9,4.3,2,,2016-11-25T07:20:56,2016-11-25T17:16:30,0.87,"Rain, Partially cloudy",Partly cloudy throughout the day with a chance of rain throughout the day.,rain,"08554099999,LPFR"
Faro District Portugal,2016-11-26,17.8,9.8,13.2,17.8,8.7,13.1,10.4,84.5,18,100,33.33,rain,0,0,,24.1,23.7,1003.4,67.1,11,90.6,7.7,5,,2016-11-26T07:21:55,2016-11-26T17:16:10,0.9,"Rain, Partially cloudy",Partly cloudy throughout the day with a chance of rain throughout the day.,rain,"08554099999,LPFR"
Faro District Portugal,2016-11-27,16.9,11.1,13.3,16.9,11.1,13.3,9.4,78.2,23.5,100,16.67,rain,0,0,,23.8,357.9,1005.8,55.7,11,86.9,7.5,3,,2016-11-27T07:22:54,2016-11-27T17:15:51,0.93,"Rain, Partially cloudy",Partly cloudy throughout the day with early morning rain.,rain,"08554099999,LPFR,remote"
Faro District Portugal,2016-11-28,17.3,9.1,13.1,17.3,7.4,12.9,9.9,81.5,0,0,0,,0,0,,20.2,304.8,1013.3,30.5,11.4,128.5,11.1,5,,2016-11-28T07:23:53,2016-11-28T17:15:34,0.97,Partially cloudy,Partly cloudy throughout the day.,partly-cloudy-day,"08554099999,LPFR"
Faro District Portugal,2016-11-29,16.8,12.8,14.8,16.8,12.8,14.8,11.7,81.8,0.3,100,8.33,rain,0,0,,38.5,79.4,1016.6,69.3,10.5,127.1,11,5,,2016-11-29T07:24:51,2016-11-29T17:15:20,0,"Rain, Partially cloudy",Partly cloudy throughout the day with afternoon rain.,rain,"08554099999,LPFR"
Faro District Portugal,2016-11-30,18.8,16.1,17.5,18.8,16.1,17.5,13.7,78.8,0,0,0,,0,0,,44.6,115.4,1019.8,87.9,10.7,37.2,3.3,2,,2016-11-30T07:25:48,2016-11-30T17:15:07,0.03,Partially cloudy,Partly cloudy throughout the day.,partly-cloudy-day,"08554099999,LPFR"
Faro District Portugal,2016-12-01,18.3,13.8,15.7,18.3,13.8,15.7,13.3,86.2,35.3,100,29.17,rain,0,0,,28.3,162.5,1021.6,73.8,9.7,79,6.8,4,,2016-12-01T07:26:44,2016-12-01T17:14:57,0.07,"Rain, Partially cloudy",Partly cloudy throughout the day with a chance of rain throughout the day.,rain,"08554099999,LPFR"
Faro District Portugal,2016-12-02,17,13,15,17,13,15,13.6,91.2,8,100,20.83,rain,0,0,40.7,25.5,86.8,1017.1,69.9,8.4,49.5,4.3,3,,2016-12-02T07:27:39,2016-12-02T17:14:48,0.1,"Rain, Partially cloudy",Partly cloudy throughout the day with late afternoon rain.,rain,"08554099999,LPFR"
Faro District Portugal,2016-12-03,18.5,15.7,17.3,18.5,15.7,17.3,15.8,90.9,20.2,100,37.5,rain,0,0,,38.5,150.7,1006.4,65.3,9.9,35.2,3.1,2,,2016-12-03T07:28:34,2016-12-03T17:14:42,0.14,"Rain, Partially cloudy",Partly cloudy throughout the day with rain in the morning and afternoon.,rain,"08554099999,LPFR"
Faro District Portugal,2016-12-04,18,15.8,17.2,18,15.8,17.2,15.3,88.5,14.9,100,33.33,rain,0,0,,31.2,163.8,1005.2,65.7,9.4,29.6,2.6,2,,2016-12-04T07:29:28,2016-12-04T17:14:37,0.17,"Rain, Partially cloudy",Partly cloudy throughout the day with a chance of rain throughout the day.,rain,"08554099999,LPFR"
Faro District Portugal,2016-12-05,21.1,15,16.7,21.1,15,16.7,14,84.8,1.7,100,12.5,rain,0,0,,29.1,51.3,1013.9,70.9,10.3,121.8,10.6,5,,2016-12-05T07:30:20,2016-12-05T17:14:35,0.21,"Rain, Partially cloudy",Partly cloudy throughout the day with early morning rain.,rain,"08554099999,LPFR"
Faro District Portugal,2016-12-06,19.1,12.1,15.7,19.1,12.1,15.7,12.9,83.7,0,0,0,,0,0,31.7,19.9,71.4,1024.5,31.5,11.3,129.2,11.2,5,,2016-12-06T07:31:12,2016-12-06T17:14:35,0.24,Partially cloudy,Becoming cloudy in the afternoon.,partly-cloudy-day,"08554099999,LPFR"
Faro District Portugal,2016-12-07,18.8,14.1,16,18.8,14.1,16,13.2,83.5,0,0,0,,0,0,,28.3,74.3,1027.2,66.9,11.7,109.9,9.4,4,,2016-12-07T07:32:03,2016-12-07T17:14:37,0.25,Partially cloudy,Partly cloudy throughout the day.,partly-cloudy-day,"08554099999,LPFR"
Faro District Portugal,2016-12-08,17.8,13,15.8,17.8,13,15.8,11.2,74.4,0,0,0,,0,0,,44.9,89.7,1027.8,54.3,11.5,92,8.1,4,,2016-12-08T07:32:52,2016-12-08T17:14:41,0.31,Partially cloudy,Partly cloudy throughout the day.,partly-cloudy-day,"08554099999,LPFR"
Faro District Portugal,2016-12-09,19.3,15.1,17,19.3,15.1,17,13.8,82,0,0,0,,0,0,,35.7,99.1,1027.6,62,10.7,127.3,11,5,,2016-12-09T07:33:41,2016-12-09T17:14:47,0.34,Partially cloudy,Partly cloudy throughout the day.,partly-cloudy-day,"08554099999,LPFR"
Faro District Portugal,2016-12-10,18.1,14.1,16.4,18.1,14.1,16.4,14,85.6,0,0,0,,0,0,,20.2,89.1,1027.4,56.5,10.9,123.4,10.5,5,,2016-12-10T07:34:28,2016-12-10T17:14:55,0.38,Partially cloudy,Partly cloudy throughout the day.,partly-cloudy-day,"08554099999,LPFR"
Faro District Portugal,2016-12-11,17.8,12.3,14.8,17.8,12.3,14.8,11.8,83.1,0,0,0,,0,0,,18.2,55.9,1025.7,23.8,11.2,115.1,9.9,5,,2016-12-11T07:35:14,2016-12-11T17:15:05,0.41,Partially cloudy,Partly cloudy throughout the day.,partly-cloudy-day,"08554099999,LPFR"
Faro District Portugal,2016-12-12,17.7,10.6,13.8,17.7,10.6,13.8,10.9,82.9,0,0,0,,0,0,,11,62.4,1024.2,12.6,11.8,122.4,10.5,5,,2016-12-12T07:35:58,2016-12-12T17:15:17,0.45,Clear,Clear conditions throughout the day.,clear-day,"08554099999,LPFR"
Faro District Portugal,2016-12-13,16,11,13.3,16,11,13.3,11.2,87.3,0,0,0,,0,0,,18.2,59.8,1023.8,37.7,8.8,91.4,7.7,4,,2016-12-13T07:36:42,2016-12-13T17:15:31,0.48,Partially cloudy,Partly cloudy throughout the day.,partly-cloudy-day,"08554099999,LPFR"
Faro District Portugal,2016-12-14,17,11.8,14.8,17,11.8,14.8,11,78.6,9,100,12.5,rain,0,0,57.6,29.1,264.8,1022.3,46.5,10.5,73.4,6.2,5,,2016-12-14T07:37:24,2016-12-14T17:15:47,0.5,"Rain, Partially cloudy",Partly cloudy throughout the day with rain in the morning and afternoon.,rain,"08554099999,LPFR"
Faro District Portugal,2016-12-15,15.8,9.1,12.8,15.8,7.4,12.7,8.7,76.9,5.2,100,12.5,rain,0,0,59.4,41.3,259.9,1023.5,50.3,11.4,94.6,8.1,5,,2016-12-15T07:38:04,2016-12-15T17:16:05,0.55,"Rain, Partially cloudy",Partly cloudy throughout the day with late afternoon rain.,rain,"08554099999,LPFR"
Faro District Portugal,2016-12-16,14.1,9.1,11.5,14.1,7.6,11.5,7,74.4,0.4,100,8.33,rain,0,0,,32.1,321.7,1018.6,55.1,11.3,57.4,5,3,,2016-12-16T07:38:43,2016-12-16T17:16:25,0.58,"Rain, Partially cloudy",Partly cloudy throughout the day with early morning rain.,rain,"08554099999,LPFR"
Faro District Portugal,2016-12-17,17.8,9.8,13.1,17.8,7.9,13,6.8,66.3,0,0,0,,0,0,,29.6,42.9,1022.6,39.7,11.8,105.2,9.1,5,,2016-12-17T07:39:20,2016-12-17T17:16:47,0.61,Partially cloudy,Becoming cloudy in the afternoon.,partly-cloudy-day,"08554099999,LPFR"
Faro District Portugal,2016-12-18,17.3,12.6,14.6,17.3,12.6,14.6,6.3,57.8,0,0,0,,0,0,,36.2,57.7,1020.5,51.7,11.3,112.1,9.7,5,,2016-12-18T07:39:56,2016-12-18T17:17:11,0.65,Partially cloudy,Partly cloudy throughout the day.,partly-cloudy-day,"08554099999,LPFR"
Faro District Portugal,2016-12-19,17.1,8.8,12.6,17.1,8.8,12.5,5.3,62.9,0,0,0,,0,0,42.5,21.4,352.7,1017.2,24.7,11.2,122,10.5,5,,2016-12-19T07:40:30,2016-12-19T17:17:36,0.68,Partially cloudy,Partly cloudy throughout the day.,partly-cloudy-day,"08554099999,LPFR"
Faro District Portugal,2016-12-20,16.1,6.5,10.8,16.1,4.6,10.2,5.7,71.3,0,0,0,,0,0,,17.4,290.5,1022.3,4.2,12.2,126.5,10.9,5,,2016-12-20T07:41:03,2016-12-20T17:18:04,0.71,Clear,Clear conditions throughout the day.,clear-day,"08554099999,LPFR"
Faro District Portugal,2016-12-21,15.3,6.1,11.1,15.3,5.2,10.8,5.5,69,0,0,0,,0,0,,11.7,0.2,1028.5,13.8,12.3,127.1,11,5,,2016-12-21T07:41:34,2016-12-21T17:18:33,0.75,Clear,Clear conditions throughout the day.,clear-day,"08554099999,LPFR"
Faro District Portugal,2016-12-22,17.1,10.3,13.7,17.1,10.3,13.7,6,60.1,0,0,0,,0,0,,21.1,59.4,1033.1,24.7,12.1,119.6,10.4,5,,2016-12-22T07:42:03,2016-12-22T17:19:04,0.78,Partially cloudy,Partly cloudy throughout the day.,partly-cloudy-day,"08554099999,LPFR"
Faro District Portugal,2016-12-23,18.8,10.9,14.3,18.8,10.9,14.3,6.5,59.9,0,0,0,,0,0,,18.6,52.5,1035.2,0,11.7,126,10.9,5,,2016-12-23T07:42:30,2016-12-23T17:19:37,0.81,Clear,Clear conditions throughout the day.,clear-day,"08554099999,LPFR"
Faro District Portugal,2016-12-24,18.1,10.6,14.3,18.1,10.6,14.3,7.1,62.7,0,0,0,,0,0,,22.2,63.6,1034.8,0.9,12.6,126.3,10.9,5,,2016-12-24T07:42:56,2016-12-24T17:20:12,0.84,Clear,Clear conditions throughout the day.,clear-day,"08554099999,LPFR"
Faro District Portugal,2016-12-25,17.8,11.3,14.1,17.8,11.3,14.1,8,67.4,0,0,0,,0,0,,23.2,61.6,1031.8,13.8,12.4,125.3,10.8,5,,2016-12-25T07:43:19,2016-12-25T17:20:48,0.88,Clear,Clear conditions throughout the day.,clear-day,"08554099999,LPFR"
Faro District Portugal,2016-12-26,16.1,10.3,12.8,16.1,10.3,12.8,7.9,72.5,0,0,0,,0,0,,19.1,62.4,1030.2,68.7,12.6,119.3,10.3,5,,2016-12-26T07:43:41,2016-12-26T17:21:26,0.91,Partially cloudy,Partly cloudy throughout the day.,partly-cloudy-day,"08554099999,LPFR"
Faro District Portugal,2016-12-27,17.1,10,12.9,17.1,10,12.9,7.4,69.8,0,0,0,,0,0,33.5,18.2,58.8,1030.1,61.1,11.8,76,6.6,3,,2016-12-27T07:44:01,2016-12-27T17:22:06,0.94,Partially cloudy,Partly cloudy throughout the day.,partly-cloudy-day,"08554099999,LPFR"
Faro District Portugal,2016-12-28,18.8,11.1,14.3,18.8,11.1,14.3,7.5,64.1,0,0,0,,0,0,,25.2,59.6,1030.5,39.5,11.9,106.7,9.2,4,,2016-12-28T07:44:19,2016-12-28T17:22:47,0.97,Partially cloudy,Partly cloudy throughout the day.,partly-cloudy-day,"08554099999,LPFR"
Faro District Portugal,2016-12-29,18.1,11.8,14.3,18.1,11.8,14.3,8.5,68.6,0,0,0,,0,0,27.7,28,66.4,1030.7,8.8,11.4,118.7,10.3,5,,2016-12-29T07:44:36,2016-12-29T17:23:29,0,Clear,Clear conditions throughout the day.,clear-day,"08554099999,LPFR"
Faro District Portugal,2016-12-30,16.1,11.3,13.8,16.1,11.3,13.8,9,73.2,0,0,0,,0,0,29.5,23.2,70.5,1031.4,4.7,10.9,125.5,10.9,5,,2016-12-30T07:44:50,2016-12-30T17:24:13,0.04,Clear,Clear conditions throughout the day.,clear-day,"08554099999,LPFR"
Faro District Portugal,2016-12-31,15.8,11,12.9,15.8,11,12.9,8.2,73.5,0,0,0,,0,0,,24,66.4,1029.4,24.3,10.9,126,10.9,5,,2016-12-31T07:45:02,2016-12-31T17:24:59,0.08,Partially cloudy,Partly cloudy throughout the day.,partly-cloudy-day,"08554099999,LPFR"
